Length,Diameter,Height,whole weight,Shucked weight,Viscera weight,Shell weight,F,I,M
0.30107526881720426,0.32894736842105277,0.3777777777777778,0.10333106730115568,0.09772256728778471,0.11632453567937438,0.06217616580310882,0.0,1.0,0.0
0.774193548387097,0.75,0.7333333333333334,0.5601631543167915,0.503105590062112,0.6207233626588464,0.27461139896373055,1.0,0.0,0.0
0.6451612903225805,0.6447368421052633,0.688888888888889,0.3836392476773171,0.3445134575569359,0.39589442815249265,0.21554404145077724,1.0,0.0,0.0
0.34408602150537637,0.381578947368421,0.4222222222222223,0.15159755268524816,0.12795031055900624,0.11534701857282502,0.09326424870466324,0.0,0.0,1.0
0.5268817204301075,0.5131578947368423,0.5111111111111112,0.2608203036483119,0.2202898550724638,0.198435972629521,0.1896373056994819,1.0,0.0,0.0
0.5913978494623657,0.5,0.5111111111111112,0.19691819623838663,0.14616977225672878,0.18572825024437928,0.13471502590673579,0.0,1.0,0.0
0.6666666666666667,0.6973684210526316,0.5777777777777777,0.362338545207342,0.33871635610766054,0.28054740957966756,0.22176165803108813,0.0,0.0,1.0
0.5376344086021507,0.5921052631578947,0.6444444444444445,0.27215046453659647,0.22815734989648034,0.19159335288367546,0.2072538860103627,0.0,1.0,0.0
0.4193548387096775,0.4342105263157895,0.48888888888888893,0.17471108089734874,0.14161490683229816,0.1622678396871945,0.1295336787564767,0.0,0.0,1.0
0.7419354838709677,0.7631578947368423,0.7111111111111111,0.5300249263539543,0.4430641821946171,0.5620723362658847,0.3264248704663213,0.0,0.0,1.0
0.7634408602150538,0.7763157894736843,0.7333333333333334,0.5291185134828915,0.4542443064182195,0.469208211143695,0.34196891191709844,0.0,0.0,1.0
0.849462365591398,0.855263157894737,0.8,0.6229322456378881,0.47577639751552797,0.6754643206256109,0.39896373056994827,1.0,0.0,0.0
0.7419354838709677,0.7763157894736843,0.688888888888889,0.44164967142533434,0.34699792960662534,0.37243401759530786,0.32538860103626943,0.0,0.0,1.0
0.34408602150537637,0.42105263157894746,0.44444444444444453,0.170858826195332,0.16397515527950313,0.10654936461388075,0.11036269430051815,0.0,1.0,0.0
0.5806451612903227,0.5394736842105263,0.5111111111111112,0.33831860412417863,0.3312629399585922,0.3558162267839687,0.17927461139896375,0.0,0.0,1.0
0.4193548387096775,0.3421052631578948,0.3777777777777778,0.144346249716746,0.11925465838509318,0.11045943304007817,0.0984455958549223,0.0,1.0,0.0
0.7526881720430108,0.7894736842105263,0.688888888888889,0.43847722637661457,0.3445134575569359,0.46236559139784944,0.26943005181347157,0.0,0.0,1.0
0.5806451612903227,0.5263157894736843,0.48888888888888893,0.2388397915250397,0.20786749482401656,0.21016617790811337,0.1658031088082902,1.0,0.0,0.0
0.5698924731182797,0.5921052631578947,0.5555555555555557,0.3208701563562203,0.3229813664596274,0.27468230694037143,0.166839378238342,1.0,0.0,0.0
0.18279569892473113,0.23684210526315785,0.35555555555555557,0.057104010876954464,0.05134575569358178,0.04887585532746823,0.04145077720207255,0.0,1.0,0.0
0.5806451612903227,0.605263157894737,0.4222222222222223,0.30908678903240433,0.24513457556935825,0.3391984359726295,0.18134715025906736,0.0,0.0,1.0
0.16129032258064513,0.22368421052631582,0.33333333333333337,0.09222750963063678,0.07329192546583853,0.11045943304007817,0.05181347150259068,0.0,0.0,1.0
0.5161290322580645,0.5394736842105263,0.5777777777777777,0.23657375934738278,0.20786749482401656,0.2541544477028348,0.1295336787564767,0.0,1.0,0.0
0.4838709677419355,0.47368421052631593,0.4,0.1941989576251983,0.16024844720496895,0.18572825024437928,0.11968911917098446,0.0,0.0,1.0
0.956989247311828,0.9605263157894737,0.7777777777777778,1.0,1.0,1.0,0.49740932642487057,0.0,0.0,1.0
0.7419354838709677,0.75,0.4222222222222223,0.45864491275776115,0.3983436853002071,0.3167155425219941,0.26165803108808294,1.0,0.0,0.0
0.946236559139785,0.9078947368421055,0.8,0.8832993428506686,0.849689440993789,0.7761485826001955,0.4782383419689119,1.0,0.0,0.0
0.34408602150537637,0.35526315789473695,0.5555555555555557,0.1622479039202357,0.1163561076604555,0.15444770283479958,0.12435233160621764,1.0,0.0,0.0
0.6666666666666667,0.6973684210526316,0.6222222222222222,0.47564015409018817,0.4795031055900622,0.3978494623655914,0.2274611398963731,0.0,0.0,1.0
0.5913978494623657,0.605263157894737,0.5777777777777777,0.3827328348062543,0.3751552795031056,0.270772238514174,0.20569948186528497,0.0,0.0,1.0
0.34408602150537637,0.26315789473684215,0.44444444444444453,0.11556764106050307,0.09648033126293999,0.12023460410557184,0.07253886010362695,0.0,1.0,0.0
0.7419354838709677,0.736842105263158,0.6444444444444445,0.5121232721504647,0.45175983436853007,0.44868035190615835,0.3196891191709844,1.0,0.0,0.0
0.6021505376344087,0.6578947368421053,0.5777777777777777,0.3852254702016769,0.415320910973085,0.25806451612903225,0.20207253886010362,0.0,1.0,0.0
0.7204301075268817,0.6578947368421053,0.5333333333333334,0.4237480172218446,0.3544513457556936,0.45650048875855326,0.24248704663212442,1.0,0.0,0.0
0.11827956989247312,0.0921052631578948,0.35555555555555557,0.020847496034443705,0.013664596273291925,0.018572825024437925,0.015544041450777202,0.0,1.0,0.0
0.6344086021505375,0.6578947368421053,0.5333333333333334,0.3548606390210742,0.3138716356107661,0.32746823069403713,0.22797927461139902,0.0,0.0,1.0
0.5483870967741937,0.5394736842105263,0.5111111111111112,0.26761840018128263,0.23975155279503108,0.22385141739980446,0.17357512953367876,1.0,0.0,0.0
0.4301075268817205,0.39473684210526316,0.48888888888888893,0.1676863811466123,0.1598343685300207,0.10557184750733138,0.1139896373056995,0.0,1.0,0.0
0.806451612903226,0.75,0.6444444444444445,0.48946295037389537,0.4140786749482402,0.45356793743890517,0.29274611398963735,1.0,0.0,0.0
0.6236559139784945,0.618421052631579,0.7777777777777778,0.40516655336505786,0.33250517598343693,0.34701857282502435,0.23316062176165805,1.0,0.0,0.0
0.78494623655914,0.8026315789473686,0.7777777777777778,0.6120552911851349,0.46335403726708085,0.616813294232649,0.455958549222798,0.0,0.0,1.0
0.6666666666666667,0.6842105263157896,0.6,0.46544300929073207,0.4699792960662526,0.4095796676441837,0.2191709844559586,1.0,0.0,0.0
0.6989247311827957,0.7763157894736843,0.7555555555555556,0.450713800135962,0.35072463768115947,0.447702834799609,0.30569948186528506,1.0,0.0,0.0
0.7204301075268817,0.6973684210526316,0.6222222222222222,0.4350781781101293,0.44968944099378894,0.35092864125122186,0.21347150259067357,1.0,0.0,0.0
0.3978494623655915,0.35526315789473695,0.4,0.16406072966236124,0.15362318840579714,0.14467253176930595,0.08549222797927461,0.0,0.0,1.0
0.3548387096774194,0.3157894736842106,0.48888888888888893,0.15001133016088833,0.11014492753623191,0.1622678396871945,0.10362694300518138,1.0,0.0,0.0
0.4946236559139785,0.48684210526315796,0.5333333333333334,0.23090867890324046,0.15362318840579714,0.29227761485826,0.1658031088082902,1.0,0.0,0.0
0.6559139784946237,0.5657894736842106,0.5777777777777777,0.24903693632449586,0.2020703933747412,0.20527859237536655,0.18652849740932645,0.0,1.0,0.0
0.4623655913978495,0.5394736842105263,0.48888888888888893,0.28619986403806935,0.24016563146997932,0.19452590420332355,0.18031088082901556,1.0,0.0,0.0
0.30107526881720426,0.368421052631579,0.44444444444444453,0.09947881259913893,0.08778467908902692,0.09775171065493647,0.07772020725388602,0.0,1.0,0.0
0.5913978494623657,0.5789473684210527,0.6,0.33945162021300707,0.34534161490683235,0.303030303030303,0.16217616580310884,0.0,0.0,1.0
0.870967741935484,0.8684210526315792,0.7111111111111111,0.6619079990935872,0.5565217391304349,0.6803519061583577,0.39533678756476687,1.0,0.0,0.0
0.6989247311827957,0.75,0.7333333333333334,0.47269431225923414,0.34078674948240173,0.509286412512219,0.3466321243523316,0.0,0.0,1.0
0.4193548387096775,0.39473684210526316,0.48888888888888893,0.1534103784273737,0.1163561076604555,0.1515151515151515,0.10880829015544041,0.0,0.0,1.0
0.7204301075268817,0.6973684210526316,0.6,0.436664400634489,0.3743271221532092,0.4956011730205278,0.2367875647668394,0.0,0.0,1.0
0.6344086021505375,0.6710526315789476,0.6444444444444445,0.4436891003852255,0.40786749482401663,0.3743890518084066,0.21658031088082905,1.0,0.0,0.0
0.6344086021505375,0.6447368421052633,0.5333333333333334,0.36143213233627924,0.2554865424430642,0.35092864125122186,0.20362694300518136,0.0,0.0,1.0
0.34408602150537637,0.35526315789473695,0.4666666666666667,0.14230682075685477,0.13747412008281573,0.10459433040078202,0.08290155440414508,0.0,1.0,0.0
0.6344086021505375,0.7105263157894737,0.6444444444444445,0.34942216179469754,0.26086956521739135,0.3743890518084066,0.23937823834196895,1.0,0.0,0.0
0.6344086021505375,0.6842105263157896,0.6,0.43326535236800373,0.455072463768116,0.346041055718475,0.20518134715025907,0.0,0.0,1.0
0.4946236559139785,0.5263157894736843,0.5111111111111112,0.2689780194878768,0.2708074534161491,0.25122189638318665,0.13471502590673579,0.0,0.0,1.0
0.6666666666666667,0.6447368421052633,0.6444444444444445,0.3961024246544302,0.33084886128364394,0.3607038123167155,0.2704663212435233,0.0,0.0,1.0
0.5698924731182797,0.5526315789473684,0.5555555555555557,0.31543167912984366,0.3445134575569359,0.1906158357771261,0.1844559585492228,0.0,0.0,1.0
0.3655913978494624,0.3026315789473685,0.3777777777777778,0.11647405393156585,0.10351966873706007,0.08895405669599217,0.07772020725388602,0.0,0.0,1.0
0.7526881720430108,0.75,0.6222222222222222,0.5114434624971675,0.4840579710144928,0.42326490713587483,0.25803108808290154,0.0,0.0,1.0
0.5268817204301075,0.5921052631578947,0.5333333333333334,0.32608203036483124,0.32049689440993795,0.2942326490713587,0.1466321243523316,1.0,0.0,0.0
0.7204301075268817,0.7105263157894737,0.7111111111111111,0.49852707908452304,0.4621118012422361,0.4525904203323558,0.2808290155440415,0.0,0.0,1.0
0.6021505376344087,0.6842105263157896,0.5777777777777777,0.34602311352821213,0.23933747412008288,0.37243401759530786,0.2378238341968912,0.0,0.0,1.0
0.7419354838709677,0.736842105263158,0.6,0.4169499206888739,0.32505175983436857,0.5024437927663734,0.24663212435233164,0.0,1.0,0.0
0.6451612903225805,0.605263157894737,0.5555555555555557,0.3757081350555178,0.35569358178053834,0.3655913978494623,0.1756476683937824,1.0,0.0,0.0
0.6021505376344087,0.605263157894737,0.6,0.33877181055971,0.3561076604554866,0.30107526881720426,0.14870466321243525,1.0,0.0,0.0
0.0,0.0,0.2888888888888889,0.0013596193065941592,0.0053830227743271175,0.018572825024437925,0.002072538860103626,0.0,1.0,0.0
0.5053763440860215,0.5,0.5333333333333334,0.17765692272830277,0.129192546583851,0.20039100684261973,0.12642487046632125,1.0,0.0,0.0
0.3870967741935485,0.381578947368421,0.4,0.1117153863584863,0.09275362318840581,0.09286412512218963,0.0766839378238342,0.0,1.0,0.0
0.27956989247311825,0.3157894736842106,0.3777777777777778,0.10491728982551554,0.08322981366459628,0.08308895405669599,0.06735751295336788,0.0,0.0,1.0
0.6344086021505375,0.6315789473684212,0.688888888888889,0.3070473600725131,0.25010351966873706,0.22873900293255128,0.21761658031088085,0.0,1.0,0.0
0.5268817204301075,0.5789473684210527,0.7777777777777778,0.3389984137774757,0.34534161490683235,0.2795698924731182,0.16476683937823838,0.0,0.0,1.0
0.4838709677419355,0.47368421052631593,0.48888888888888893,0.21391343757081355,0.16521739130434787,0.13196480938416422,0.1761658031088083,0.0,1.0,0.0
0.4946236559139785,0.4342105263157895,0.8666666666666667,0.4799456152277363,0.38302277432712223,0.5131964809384164,0.3139896373056995,1.0,0.0,0.0
0.7419354838709677,0.7236842105263159,0.8222222222222223,0.5436211194198959,0.4654244306418221,0.5395894428152492,0.3264248704663213,1.0,0.0,0.0
0.6881720430107527,0.7105263157894737,0.5333333333333334,0.5966462723770678,0.44968944099378894,0.3157380254154447,0.28756476683937826,1.0,0.0,0.0
0.817204301075269,0.7763157894736843,0.6666666666666667,0.5418082936777702,0.5146997929606627,0.4682306940371456,0.3119170984455959,0.0,0.0,1.0
0.7096774193548387,0.42105263157894746,0.6222222222222222,0.43167912984364387,0.36645962732919257,0.429130009775171,0.23834196891191714,0.0,0.0,1.0
0.5806451612903227,0.5921052631578947,0.5555555555555557,0.26716519374575126,0.17474120082815736,0.3059628543499511,0.1917098445595855,1.0,0.0,0.0
0.22580645161290325,0.26315789473684215,0.33333333333333337,0.06956718785406754,0.05258799171842651,0.04301075268817203,0.06217616580310882,0.0,0.0,1.0
0.26881720430107536,0.26315789473684215,0.35555555555555557,0.10174484477679585,0.08281573498964803,0.11730205278592375,0.06217616580310882,1.0,0.0,0.0
0.5376344086021507,0.5394736842105263,0.48888888888888893,0.2923181509177431,0.24886128364389237,0.28054740957966756,0.18134715025906736,0.0,0.0,1.0
0.5376344086021507,0.5263157894736843,0.5111111111111112,0.2318150917743032,0.18053830227743273,0.24828934506353856,0.15025906735751296,1.0,0.0,0.0
0.5698924731182797,0.5394736842105263,0.5555555555555557,0.27940176750509865,0.2575569358178054,0.2893450635386119,0.16891191709844564,1.0,0.0,0.0
0.7204301075268817,0.7105263157894737,0.6222222222222222,0.40924541128484027,0.33250517598343693,0.43108504398826974,0.2538860103626943,1.0,0.0,0.0
0.795698924731183,0.7763157894736843,0.7555555555555556,0.5970994788125992,0.5759834368530022,0.520039100684262,0.3119170984455959,1.0,0.0,0.0
0.3763440860215054,0.39473684210526316,0.4666666666666667,0.1475186947654657,0.10890269151138716,0.1456500488758553,0.1139896373056995,1.0,0.0,0.0
0.5591397849462367,0.5,0.5333333333333334,0.24087922048493093,0.18633540372670815,0.24535679374389047,0.15751295336787566,0.0,1.0,0.0
0.795698924731183,0.8289473684210527,0.6222222222222222,0.5637888058010425,0.47453416149068334,0.5053763440860215,0.33678756476683935,0.0,0.0,1.0
0.4838709677419355,0.48684210526315796,0.5111111111111112,0.24926353954226155,0.22443064182194622,0.21798631476050823,0.14352331606217616,1.0,0.0,0.0
0.6344086021505375,0.7236842105263159,0.6,0.37276229322456383,0.3229813664596274,0.45161290322580644,0.21813471502590678,0.0,0.0,1.0
0.5698924731182797,0.5131578947368423,0.5111111111111112,0.2547020167686382,0.23436853002070396,0.22678396871945256,0.1450777202072539,0.0,1.0,0.0
0.5376344086021507,0.5921052631578947,0.6,0.2796283707228643,0.23146997929606627,0.3049853372434017,0.16165803108808294,1.0,0.0,0.0
0.6666666666666667,0.7763157894736843,0.6,0.4613641513709495,0.36397515527950314,0.4604105571847507,0.3160621761658031,0.0,0.0,1.0
0.4301075268817205,0.4342105263157895,0.48888888888888893,0.19012009970541585,0.16438923395445137,0.13978494623655913,0.1295336787564767,0.0,1.0,0.0
0.774193548387097,0.7105263157894737,0.7111111111111111,0.46702923181509187,0.3652173913043479,0.6089931573802542,0.2569948186528498,1.0,0.0,0.0
0.4946236559139785,0.6578947368421053,0.5333333333333334,0.25447541355087244,0.20041407867494826,0.24340175953079174,0.1694300518134715,0.0,1.0,0.0
0.6236559139784945,0.6710526315789476,0.6,0.4140040788579199,0.4107660455486543,0.3401759530791788,0.21761658031088085,0.0,0.0,1.0
0.5268817204301075,0.5131578947368423,0.48888888888888893,0.2594606843417177,0.2679089026915114,0.21309872922776146,0.1284974093264249,0.0,1.0,0.0
0.13978494623655902,0.13157894736842113,0.33333333333333337,0.03467029231815093,0.0401656314699793,0.0,0.023834196891191706,0.0,0.0,1.0
0.06451612903225801,0.052631578947368474,0.26666666666666666,0.0024926353954226182,0.0,0.007820136852394924,0.004145077720207245,0.0,0.0,1.0
0.7526881720430108,0.7631578947368423,0.5777777777777777,0.46363018354860647,0.4140786749482402,0.46236559139784944,0.2575129533678756,1.0,0.0,0.0
0.6451612903225805,0.6315789473684212,0.6444444444444445,0.38975753455699075,0.36811594202898557,0.33528836754643204,0.23834196891191714,0.0,0.0,1.0
0.5376344086021507,0.5657894736842106,0.5555555555555557,0.25039655563109,0.17432712215320917,0.3049853372434017,0.17409326424870467,0.0,1.0,0.0
0.6559139784946237,0.6842105263157896,0.6666666666666667,0.3677770224337186,0.29648033126294004,0.3870967741935484,0.22694300518134716,1.0,0.0,0.0
0.5806451612903227,0.5789473684210527,0.6444444444444445,0.3031951053704963,0.24637681159420294,0.3401759530791788,0.18134715025906736,0.0,0.0,1.0
0.5698924731182797,0.5394736842105263,0.5555555555555557,0.2778155449807388,0.2513457556935818,0.23558162267839683,0.17823834196891192,0.0,0.0,1.0
0.7526881720430108,0.75,0.6,0.4856106956718786,0.446376811594203,0.4447702834799609,0.26943005181347157,0.0,0.0,1.0
0.7419354838709677,0.736842105263158,0.7111111111111111,0.5667346476319965,0.5697722567287786,0.47311827956989244,0.3025906735751296,1.0,0.0,0.0
0.30107526881720426,0.26315789473684215,0.4222222222222223,0.07070020394289603,0.0401656314699793,0.09579667644183772,0.05751295336787565,0.0,1.0,0.0
0.5268817204301075,0.48684210526315796,0.4666666666666667,0.2447314751869477,0.2202898550724638,0.22971652003910065,0.14300518134715026,0.0,1.0,0.0
0.3870967741935485,0.39473684210526316,0.5111111111111112,0.17811012916383417,0.1449275362318841,0.16520039100684264,0.1295336787564767,1.0,0.0,0.0
0.6344086021505375,0.6447368421052633,0.48888888888888893,0.2973034217085883,0.23354037267080752,0.30987292277614853,0.20207253886010362,0.0,1.0,0.0
0.6344086021505375,0.5921052631578947,0.6222222222222222,0.30432812145932475,0.25093167701863356,0.31867057673509286,0.18652849740932645,1.0,0.0,0.0
0.838709677419355,0.7894736842105263,0.8444444444444444,0.5622025832766826,0.4654244306418221,0.533724340175953,0.3243523316062177,1.0,0.0,0.0
0.5376344086021507,0.5131578947368423,0.5777777777777777,0.19533197371402677,0.12256728778467911,0.19745845552297164,0.1606217616580311,0.0,1.0,0.0
0.7419354838709677,0.7236842105263159,0.6444444444444445,0.4611375481531838,0.4422360248447206,0.36168132942326486,0.2590673575129534,0.0,0.0,1.0
0.849462365591398,0.8289473684210527,0.7111111111111111,0.620892816677997,0.5722567287784681,0.5395894428152492,0.34196891191709844,1.0,0.0,0.0
0.806451612903226,0.8289473684210527,0.6666666666666667,0.582596872875595,0.44761904761904764,0.5112414467253177,0.37823834196891204,0.0,0.0,1.0
0.4623655913978495,0.5,0.48888888888888893,0.18921368683435308,0.15900621118012426,0.20527859237536655,0.11917098445595856,0.0,0.0,1.0
0.838709677419355,0.8421052631578949,0.8,0.5966462723770678,0.5084886128364391,0.46529814271749753,0.39896373056994827,0.0,0.0,1.0
0.4838709677419355,0.48684210526315796,0.6444444444444445,0.23566734647632004,0.16728778467908906,0.33822091886608013,0.127979274611399,1.0,0.0,0.0
0.7096774193548387,0.6842105263157896,0.6,0.37910718332200327,0.3345755693581781,0.2795698924731182,0.25492227979274606,0.0,1.0,0.0
0.5376344086021507,0.5789473684210527,0.5111111111111112,0.2619533197371403,0.20869565217391306,0.2150537634408602,0.18652849740932645,0.0,0.0,1.0
0.6344086021505375,0.6842105263157896,0.4666666666666667,0.4212553818264221,0.3896480331262941,0.3695014662756598,0.20207253886010362,0.0,0.0,1.0
0.15053763440860213,0.14473684210526316,0.33333333333333337,0.03217765692272831,0.024016563146997932,0.022482893450635394,0.02642487046632125,0.0,0.0,1.0
0.903225806451613,0.8421052631578949,0.7777777777777778,0.6900067980965332,0.6699792960662528,0.5425219941348973,0.372538860103627,1.0,0.0,0.0
0.6881720430107527,0.6710526315789476,0.6,0.5089508271017449,0.40414078674948245,0.4770283479960899,0.2590673575129534,0.0,0.0,1.0
0.774193548387097,0.7894736842105263,0.7111111111111111,0.541355087242239,0.47453416149068334,0.5327468230694037,0.30207253886010366,1.0,0.0,0.0
0.795698924731183,0.7105263157894737,0.6666666666666667,0.5726263312939044,0.44265010351966877,0.6236559139784945,0.2792746113989638,1.0,0.0,0.0
0.3655913978494624,0.39473684210526316,0.4666666666666667,0.12304554724677094,0.08405797101449276,0.09188660801564026,0.10880829015544041,0.0,0.0,1.0
0.5806451612903227,0.5526315789473684,0.7333333333333334,0.4720145026059371,0.3780538302277433,0.530791788856305,0.2808290155440415,1.0,0.0,0.0
0.6344086021505375,0.618421052631579,0.48888888888888893,0.32970768184908233,0.339544513457557,0.2776148582600195,0.16217616580310884,0.0,1.0,0.0
0.6666666666666667,0.618421052631579,0.5555555555555557,0.4001812825742126,0.3577639751552795,0.35386119257086995,0.26165803108808294,1.0,0.0,0.0
0.6989247311827957,0.7105263157894737,0.7111111111111111,0.5114434624971675,0.424016563146998,0.5395894428152492,0.3139896373056995,0.0,0.0,1.0
0.5483870967741937,0.605263157894737,0.6,0.26875141627011107,0.25010351966873706,0.22482893450635383,0.1595854922279793,0.0,0.0,1.0
0.6236559139784945,0.5657894736842106,0.5111111111111112,0.2948107863131657,0.25507246376811593,0.2365591397849462,0.20362694300518136,0.0,1.0,0.0
0.4731182795698925,0.39473684210526316,0.5555555555555557,0.1830953999546794,0.13830227743271223,0.2336265884652981,0.10362694300518138,0.0,0.0,1.0
0.6236559139784945,0.6315789473684212,0.6,0.394742805347836,0.3797101449275363,0.30400782013685235,0.21813471502590678,1.0,0.0,0.0
0.7634408602150538,0.8026315789473686,0.688888888888889,0.49830047586675735,0.40289855072463776,0.4721407624633431,0.32538860103626943,1.0,0.0,0.0
0.5806451612903227,0.605263157894737,0.48888888888888893,0.2796283707228643,0.2505175983436853,0.25219941348973607,0.17202072538860105,0.0,1.0,0.0
0.3870967741935485,0.44736842105263164,0.5111111111111112,0.2037162927713574,0.1697722567287785,0.17497556207233622,0.1606217616580311,0.0,0.0,1.0
0.6881720430107527,0.6973684210526316,0.5111111111111112,0.40176750509857245,0.31262939958592134,0.37047898338220914,0.26735751295336785,0.0,0.0,1.0
0.7526881720430108,0.6973684210526316,0.5777777777777777,0.4425560842963971,0.39296066252587997,0.4506353861192571,0.24455958549222803,0.0,0.0,1.0
0.3548387096774194,0.32894736842105277,0.4,0.14887831407205987,0.11138716356107663,0.14369501466275658,0.08601036269430051,1.0,0.0,0.0
1.0,0.9605263157894737,0.888888888888889,0.9635168819397237,0.92008281573499,0.8142717497556207,0.5367875647668394,1.0,0.0,0.0
0.4838709677419355,0.47368421052631593,0.4222222222222223,0.24065261726716525,0.22608695652173916,0.23558162267839683,0.15025906735751296,0.0,0.0,1.0
0.4301075268817205,0.44736842105263164,0.5777777777777777,0.2959438024019942,0.1412008281573499,0.19648093841642228,0.13471502590673579,0.0,0.0,1.0
0.4838709677419355,0.5,0.48888888888888893,0.23158848855653758,0.20248447204968945,0.24633431085043983,0.13989637305699482,0.0,0.0,1.0
0.6451612903225805,0.5657894736842106,0.5555555555555557,0.2615001133016089,0.23436853002070396,0.14173998044965785,0.19222797927461144,0.0,1.0,0.0
0.4838709677419355,0.5263157894736843,0.4222222222222223,0.22705642420122368,0.21490683229813667,0.25513196480938416,0.13989637305699482,0.0,0.0,1.0
0.6774193548387097,0.605263157894737,0.6444444444444445,0.42284160435078183,0.3146997929606626,0.3802541544477028,0.27979274611398963,0.0,0.0,1.0
0.7419354838709677,0.7236842105263159,0.6444444444444445,0.5064581917063224,0.5068322981366461,0.4555229716520039,0.24715025906735757,0.0,0.0,1.0
0.4731182795698925,0.5,0.6,0.26761840018128263,0.23022774327122159,0.28054740957966756,0.1606217616580311,1.0,0.0,0.0
0.838709677419355,0.8289473684210527,0.7777777777777778,0.686381146612282,0.6343685300207041,0.6637341153470185,0.36373056994818653,0.0,0.0,1.0
0.11827956989247312,0.1578947368421053,0.35555555555555557,0.03331067301155678,0.028157349896480333,0.015640273704789834,0.031088082901554417,0.0,0.0,1.0
0.4408602150537635,0.4342105263157895,0.6222222222222222,0.3825062315884886,0.3093167701863354,0.42228739002932547,0.20362694300518136,0.0,0.0,1.0
0.6881720430107527,0.6973684210526316,0.6666666666666667,0.4237480172218446,0.3797101449275363,0.41348973607038114,0.24352331606217623,0.0,0.0,1.0
0.5591397849462367,0.5789473684210527,0.6444444444444445,0.37230908678903246,0.2666666666666667,0.3343108504398827,0.2642487046632125,1.0,0.0,0.0
0.5376344086021507,0.5263157894736843,0.4666666666666667,0.2302288692499434,0.1871635610766046,0.23167155425219937,0.1528497409326425,0.0,1.0,0.0
0.33333333333333337,0.5,0.4,0.1085429413097666,0.0749482401656315,0.13391984359726294,0.09326424870466324,1.0,0.0,0.0
0.33333333333333337,0.3421052631578948,0.4222222222222223,0.11602084749603447,0.10269151138716358,0.11045943304007817,0.07253886010362695,1.0,0.0,0.0
0.6236559139784945,0.6315789473684212,0.6222222222222222,0.3367323815998188,0.26915113871635615,0.2756598240469208,0.2487046632124353,0.0,1.0,0.0
0.6666666666666667,0.605263157894737,0.6666666666666667,0.3863584862905054,0.33706004140786755,0.41055718475073305,0.20207253886010362,0.0,0.0,1.0
0.4301075268817205,0.4342105263157895,0.48888888888888893,0.1586222524359846,0.11055900621118013,0.14467253176930595,0.13989637305699482,0.0,1.0,0.0
0.3763440860215054,0.4342105263157895,0.48888888888888893,0.14004078857919786,0.12877846790890274,0.18963831867057673,0.10880829015544041,0.0,1.0,0.0
0.6344086021505375,0.605263157894737,0.5555555555555557,0.32698844323589404,0.2944099378881988,0.3157380254154447,0.18860103626943006,0.0,0.0,1.0
0.19354838709677413,0.22368421052631582,0.44444444444444453,0.057104010876954464,0.054244306418219465,0.05376344086021506,0.036269430051813475,1.0,0.0,0.0
0.33333333333333337,0.39473684210526316,0.48888888888888893,0.12848402447314752,0.08944099378881988,0.08699902248289344,0.1295336787564767,0.0,1.0,0.0
0.6021505376344087,0.618421052631579,0.6222222222222222,0.3836392476773171,0.31966873706004145,0.45650048875855326,0.22279792746113994,1.0,0.0,0.0
0.6559139784946237,0.6447368421052633,0.5333333333333334,0.33129390437344214,0.27660455486542446,0.3079178885630498,0.22797927461139902,0.0,1.0,0.0
0.4731182795698925,0.48684210526315796,0.5111111111111112,0.17380466802628597,0.13747412008281573,0.1456500488758553,0.14041450777202072,0.0,1.0,0.0
0.7311827956989247,0.75,0.6444444444444445,0.4223883979152505,0.370600414078675,0.4193548387096774,0.24093264248704668,1.0,0.0,0.0
0.6774193548387097,0.6578947368421053,0.6444444444444445,0.41513709494674833,0.3366459627329193,0.4613880742913001,0.2569948186528498,1.0,0.0,0.0
0.827956989247312,0.7763157894736843,0.7111111111111111,0.53183775209608,0.4654244306418221,0.5562072336265884,0.2849740932642487,0.0,0.0,1.0
0.6129032258064515,0.618421052631579,0.5333333333333334,0.31996374348515755,0.28778467908902694,0.2815249266862169,0.20518134715025907,1.0,0.0,0.0
0.5053763440860215,0.5131578947368423,0.44444444444444453,0.20575572173124862,0.12049689440993792,0.22482893450635383,0.13471502590673579,1.0,0.0,0.0
0.3763440860215054,0.42105263157894746,0.5333333333333334,0.14366644006344892,0.08778467908902692,0.17008797653958946,0.10880829015544041,0.0,1.0,0.0
0.6021505376344087,0.6578947368421053,0.6444444444444445,0.38205302515295725,0.33706004140786755,0.34701857282502435,0.24248704663212442,1.0,0.0,0.0
0.5591397849462367,0.5789473684210527,0.5555555555555557,0.2800815771583957,0.2273291925465839,0.2150537634408602,0.21761658031088085,0.0,1.0,0.0
0.5913978494623657,0.6578947368421053,0.5333333333333334,0.3231361885338772,0.2786749482401657,0.27663734115347016,0.20207253886010362,0.0,0.0,1.0
0.6344086021505375,0.6315789473684212,0.5555555555555557,0.37026965782914123,0.2807453416149069,0.4349951124144672,0.2538860103626943,1.0,0.0,0.0
0.78494623655914,0.75,0.6444444444444445,0.47246770904146856,0.37101449275362325,0.5591397849462365,0.2683937823834197,1.0,0.0,0.0
0.5376344086021507,0.5263157894736843,0.5111111111111112,0.27826875141627017,0.19792960662525882,0.27468230694037143,0.1585492227979275,0.0,0.0,1.0
0.3763440860215054,0.39473684210526316,0.2888888888888889,0.14865171085429416,0.14161490683229816,0.13685239491691104,0.08808290155440415,0.0,1.0,0.0
0.4731182795698925,0.5131578947368423,0.48888888888888893,0.21459324722411066,0.1859213250517599,0.19159335288367546,0.1305699481865285,0.0,0.0,1.0
0.7204301075268817,0.7105263157894737,0.6,0.4140040788579199,0.35652173913043483,0.396871945259042,0.2518134715025907,0.0,0.0,1.0
0.956989247311828,0.986842105263158,0.7555555555555556,0.634035803308407,0.6285714285714287,0.6451612903225806,0.4119170984455959,1.0,0.0,0.0
0.4731182795698925,0.44736842105263164,0.4666666666666667,0.1894402900521188,0.14037267080745341,0.1691104594330401,0.13471502590673579,0.0,1.0,0.0
0.5376344086021507,0.618421052631579,0.5333333333333334,0.29888964423294817,0.22153209109730854,0.2776148582600195,0.1849740932642487,1.0,0.0,0.0
0.6774193548387097,0.6842105263157896,0.6,0.3602991162474508,0.3213250517598344,0.28739002932551316,0.23005181347150264,0.0,0.0,1.0
0.32258064516129026,0.35526315789473695,0.4666666666666667,0.10582370269657831,0.0873706004140787,0.06842619745845553,0.06683937823834198,0.0,1.0,0.0
0.5591397849462367,0.5657894736842106,0.5555555555555557,0.30795377294357584,0.2770186335403727,0.2952101661779081,0.1761658031088083,1.0,0.0,0.0
0.5913978494623657,0.5921052631578947,0.5333333333333334,0.3118060276455926,0.298136645962733,0.26099706744868034,0.18808290155440416,1.0,0.0,0.0
0.4731182795698925,0.5,0.4666666666666667,0.18717425787446187,0.14161490683229816,0.15444770283479958,0.14352331606217616,0.0,1.0,0.0
0.5483870967741937,0.48684210526315796,0.48888888888888893,0.21527305687740766,0.17722567287784685,0.2336265884652981,0.13367875647668395,0.0,1.0,0.0
0.5591397849462367,0.5657894736842106,0.5555555555555557,0.22818944029005211,0.1697722567287785,0.17204301075268813,0.20207253886010362,0.0,1.0,0.0
0.5161290322580645,0.5,0.5333333333333334,0.23068207568547477,0.20952380952380956,0.19550342130987292,0.13989637305699482,0.0,1.0,0.0
0.795698924731183,0.8421052631578949,0.6666666666666667,0.5048719691819625,0.49813664596273305,0.42815249266862165,0.2699481865284974,1.0,0.0,0.0
0.7419354838709677,0.75,0.6222222222222222,0.4491275776116021,0.36314699792960664,0.48387096774193544,0.2792746113989638,1.0,0.0,0.0
0.5161290322580645,0.5131578947368423,0.4,0.3389984137774757,0.33623188405797105,0.25806451612903225,0.16424870466321245,0.0,0.0,1.0
0.806451612903226,0.8289473684210527,0.688888888888889,0.46249716745977804,0.4012422360248448,0.37829912023460405,0.3191709844559586,0.0,0.0,1.0
0.5161290322580645,0.5526315789473684,0.5555555555555557,0.232721504645366,0.2173913043478261,0.20332355816226783,0.13264248704663215,0.0,1.0,0.0
0.7096774193548387,0.6973684210526316,0.6444444444444445,0.4069793791071834,0.33416149068322987,0.4007820136852394,0.26373056994818656,0.0,0.0,1.0
0.6774193548387097,0.6578947368421053,0.6,0.4169499206888739,0.39130434782608703,0.37341153470185723,0.23834196891191714,0.0,0.0,1.0
0.6129032258064515,0.618421052631579,0.6,0.3893043281214594,0.3329192546583851,0.40273704789833814,0.21606217616580312,1.0,0.0,0.0
0.4731182795698925,0.44736842105263164,0.5777777777777777,0.20643553138454568,0.16024844720496895,0.21114369501466274,0.15025906735751296,0.0,1.0,0.0
0.5806451612903227,0.5526315789473684,0.5333333333333334,0.28982551552232044,0.2256728778467909,0.3528836754643206,0.1658031088082902,1.0,0.0,0.0
0.08602150537634412,0.11842105263157898,0.2888888888888889,0.014729209154769995,0.009523809523809525,0.008797653958944288,0.020725388601036267,0.0,1.0,0.0
0.40860215053763427,0.42105263157894746,0.4666666666666667,0.18989349648765017,0.1523809523809524,0.23460410557184747,0.1139896373056995,1.0,0.0,0.0
0.6021505376344087,0.5789473684210527,0.5333333333333334,0.3156582823476094,0.2699792960662526,0.30400782013685235,0.20310880829015546,0.0,1.0,0.0
0.78494623655914,0.736842105263158,0.6,0.4973940629956946,0.4339544513457558,0.4770283479960899,0.300518134715026,0.0,0.0,1.0
0.6236559139784945,0.6578947368421053,0.6,0.37525492861998644,0.28488612836438926,0.3636363636363636,0.2430051813471503,0.0,0.0,1.0
0.4193548387096775,0.42105263157894746,0.48888888888888893,0.19147971901201,0.1519668737060042,0.17399804496578686,0.13678756476683937,0.0,1.0,0.0
0.78494623655914,0.8289473684210527,0.7333333333333334,0.5261726716519375,0.44057971014492764,0.6304985337243402,0.28704663212435233,1.0,0.0,0.0
0.849462365591398,0.8421052631578949,0.688888888888889,0.7192386131883075,0.6550724637681161,0.6304985337243402,0.4507772020725389,1.0,0.0,0.0
0.4623655913978495,0.44736842105263164,0.6222222222222222,0.3861318830727397,0.33498964803312636,0.3890518084066471,0.2150259067357513,0.0,0.0,1.0
0.4731182795698925,0.42105263157894746,0.5111111111111112,0.2132336279175165,0.2182194616977226,0.15444770283479958,0.11761658031088085,0.0,0.0,1.0
0.5591397849462367,0.5526315789473684,0.6,0.31157942442782693,0.2832298136645963,0.30889540566959917,0.1694300518134715,1.0,0.0,0.0
0.5376344086021507,0.5526315789473684,0.5111111111111112,0.2583276682528892,0.28571428571428575,0.1593352883675464,0.13160621761658034,0.0,1.0,0.0
0.6881720430107527,0.7105263157894737,0.7111111111111111,0.44686154543394524,0.38509316770186336,0.44281524926686217,0.2538860103626943,0.0,0.0,1.0
0.78494623655914,0.7763157894736843,0.6,0.46906866077498305,0.3494824016563148,0.5982404692082112,0.27979274611398963,1.0,0.0,0.0
0.5268817204301075,0.44736842105263164,0.4666666666666667,0.23000226603217766,0.21449275362318843,0.16520039100684264,0.15544041450777205,0.0,1.0,0.0
0.7096774193548387,0.7763157894736843,0.7333333333333334,0.5955132562882395,0.3917184265010352,0.6725317693059628,0.30518134715025913,1.0,0.0,0.0
0.4516129032258065,0.47368421052631593,0.6444444444444445,0.24110582370269662,0.16563146997929612,0.27663734115347016,0.17098445595854922,1.0,0.0,0.0
0.774193548387097,0.7763157894736843,0.688888888888889,0.5168819397235442,0.43022774327122154,0.6021505376344086,0.2849740932642487,1.0,0.0,0.0
0.5591397849462367,0.5921052631578947,0.5555555555555557,0.315205075912078,0.2881987577639752,0.2795698924731182,0.1963730569948187,0.0,1.0,0.0
0.6129032258064515,0.6315789473684212,0.5555555555555557,0.32268298209834584,0.29855072463768123,0.2561094819159335,0.1911917098445596,0.0,0.0,1.0
0.5483870967741937,0.5394736842105263,0.5111111111111112,0.2191253115794245,0.1842650103519669,0.18181818181818182,0.16321243523316065,0.0,1.0,0.0
0.7311827956989247,0.6842105263157896,0.5555555555555557,0.4697484704282802,0.4596273291925467,0.3714565004887585,0.27668393782383427,1.0,0.0,0.0
0.4193548387096775,0.381578947368421,0.48888888888888893,0.1352821210061183,0.12008281573498968,0.09677419354838708,0.0989637305699482,0.0,1.0,0.0
0.6021505376344087,0.5394736842105263,0.6444444444444445,0.31611148878314077,0.2455486542443065,0.3020527859237536,0.22072538860103627,1.0,0.0,0.0
0.3655913978494624,0.368421052631579,0.4666666666666667,0.13256288239293,0.09937888198757767,0.12805474095796676,0.0984455958549223,1.0,0.0,0.0
0.4193548387096775,0.35526315789473695,0.4,0.14933152050759124,0.13043478260869568,0.09872922776148584,0.11036269430051815,0.0,1.0,0.0
0.6344086021505375,0.7236842105263159,0.6666666666666667,0.432358939496941,0.38550724637681166,0.3519061583577712,0.2756476683937824,1.0,0.0,0.0
0.4516129032258065,0.44736842105263164,0.6,0.2046227056424202,0.14451345755693584,0.22385141739980446,0.15544041450777205,1.0,0.0,0.0
0.6236559139784945,0.6447368421052633,0.5333333333333334,0.40607296623612066,0.4144927536231885,0.34115347018572817,0.21761658031088085,0.0,0.0,1.0
0.6236559139784945,0.618421052631579,0.4666666666666667,0.30772716972581016,0.2786749482401657,0.24046920821114365,0.20103626943005184,1.0,0.0,0.0
0.774193548387097,0.7763157894736843,0.688888888888889,0.6029911624745072,0.49399585921325057,0.6412512218963832,0.32538860103626943,0.0,0.0,1.0
0.7311827956989247,0.75,0.6,0.485384092454113,0.3436853002070394,0.5327468230694037,0.3264248704663213,0.0,0.0,1.0
0.5913978494623657,0.5263157894736843,0.4666666666666667,0.35757987763426247,0.3420289855072464,0.3255131964809384,0.17253886010362696,1.0,0.0,0.0
0.6989247311827957,0.7105263157894737,0.6666666666666667,0.4223883979152505,0.3209109730848862,0.3714565004887585,0.3284974093264249,1.0,0.0,0.0
0.5053763440860215,0.6578947368421053,0.5333333333333334,0.2712440516655337,0.20662525879917187,0.260019550342131,0.20207253886010362,0.0,0.0,1.0
0.31182795698924726,0.381578947368421,0.4,0.12191253115794248,0.0699792960662526,0.06549364613880743,0.1295336787564767,0.0,0.0,1.0
0.956989247311828,0.9078947368421055,0.8222222222222223,0.6281441196464992,0.6857142857142859,0.7761485826001955,0.4854922279792746,0.0,0.0,1.0
0.6774193548387097,0.7105263157894737,0.5555555555555557,0.37162927713573535,0.2625258799171843,0.31182795698924726,0.2849740932642487,0.0,0.0,1.0
0.795698924731183,0.8026315789473686,0.6222222222222222,0.5814638567867665,0.5598343685300209,0.5249266862170088,0.30569948186528506,0.0,0.0,1.0
0.6774193548387097,0.6710526315789476,0.5555555555555557,0.329934285066848,0.31138716356107665,0.3831867057673509,0.19378238341968915,0.0,0.0,1.0
0.6559139784946237,0.6710526315789476,0.6666666666666667,0.42329481078631326,0.36480331262939963,0.43108504398826974,0.2632124352331606,1.0,0.0,0.0
0.6881720430107527,0.7105263157894737,0.8444444444444444,0.4767731701790166,0.3975155279503106,0.5043988269794721,0.277720207253886,0.0,0.0,1.0
0.5698924731182797,0.5131578947368423,0.5555555555555557,0.29639700883752557,0.2670807453416149,0.3626588465298142,0.1450777202072539,1.0,0.0,0.0
0.4516129032258065,0.48684210526315796,0.4666666666666667,0.17539089055064586,0.1449275362318841,0.14369501466275658,0.1393782383419689,0.0,1.0,0.0
0.5376344086021507,0.5789473684210527,0.6222222222222222,0.30206208928166783,0.2165631469979296,0.27663734115347016,0.2274611398963731,0.0,0.0,1.0
0.22580645161290325,0.22368421052631582,0.33333333333333337,0.06231588488556539,0.054244306418219465,0.058651026392961866,0.03575129533678756,0.0,1.0,0.0
0.5053763440860215,0.5,0.48888888888888893,0.2068887378200771,0.15817805383022776,0.15249266862170086,0.15544041450777205,0.0,1.0,0.0
0.4946236559139785,0.4605263157894737,0.5333333333333334,0.25243598459098127,0.2467908902691512,0.219941348973607,0.13471502590673579,0.0,0.0,1.0
0.6666666666666667,0.6315789473684212,0.5333333333333334,0.29345116700657153,0.2339544513457557,0.28347996089931565,0.1968911917098446,0.0,1.0,0.0
0.4408602150537635,0.39473684210526316,0.4,0.16949920688873785,0.14244306418219466,0.1300097751710655,0.11658031088082901,0.0,1.0,0.0
0.5053763440860215,0.5,0.4666666666666667,0.23657375934738278,0.19834368530020707,0.209188660801564,0.13678756476683937,0.0,0.0,1.0
0.6559139784946237,0.6973684210526316,0.5777777777777777,0.3772943575798777,0.29565217391304355,0.40469208211143687,0.23316062176165805,0.0,0.0,1.0
0.6451612903225805,0.6710526315789476,0.7111111111111111,0.4717878993881714,0.5006211180124225,0.37341153470185723,0.2751295336787565,1.0,0.0,0.0
0.34408602150537637,0.3026315789473685,0.4,0.11941989576251985,0.10766045548654245,0.08699902248289344,0.08290155440414508,0.0,1.0,0.0
0.795698924731183,0.75,0.6222222222222222,0.45230002266032193,0.413664596273292,0.38807429130009774,0.2751295336787565,1.0,0.0,0.0
0.78494623655914,0.75,0.6444444444444445,0.5107636528438704,0.4057971014492754,0.5962854349951124,0.2865284974093265,0.0,0.0,1.0
0.4731182795698925,0.44736842105263164,0.5555555555555557,0.19714479945615232,0.15900621118012426,0.20625610948191592,0.13367875647668395,0.0,1.0,0.0
0.78494623655914,0.8026315789473686,0.6444444444444445,0.5064581917063224,0.4438923395445135,0.4819159335288367,0.2849740932642487,1.0,0.0,0.0
0.4838709677419355,0.4605263157894737,0.5333333333333334,0.1878540675277589,0.18136645962732922,0.12805474095796676,0.1295336787564767,0.0,1.0,0.0
0.6881720430107527,0.6447368421052633,0.5777777777777777,0.3412644459551326,0.32049689440993795,0.24535679374389047,0.2072538860103627,0.0,0.0,1.0
0.4731182795698925,0.4605263157894737,0.5333333333333334,0.21300702469975075,0.20621118012422363,0.1456500488758553,0.1207253886010363,0.0,1.0,0.0
0.7204301075268817,0.7105263157894737,0.7777777777777778,0.5934738273283482,0.5681159420289856,0.5386119257086999,0.2989637305699482,0.0,0.0,1.0
0.5268817204301075,0.5394736842105263,0.5111111111111112,0.25538182642193524,0.2467908902691512,0.23460410557184747,0.14145077720207255,0.0,0.0,1.0
0.5913978494623657,0.618421052631579,0.5555555555555557,0.33831860412417863,0.29937888198757767,0.2473118279569892,0.22279792746113994,0.0,0.0,1.0
0.795698924731183,0.8157894736842106,0.48888888888888893,0.4788125991389079,0.39585921325051765,0.4956011730205278,0.29792746113989643,0.0,0.0,1.0
0.5806451612903227,0.618421052631579,0.48888888888888893,0.29050532517561756,0.2356107660455487,0.3577712609970674,0.21243523316062177,1.0,0.0,0.0
0.7311827956989247,0.75,0.6222222222222222,0.44232948107863146,0.3805383022774328,0.4261974584555229,0.27979274611398963,0.0,0.0,1.0
0.21505376344086025,0.22368421052631582,0.4666666666666667,0.07205982324949015,0.05962732919254658,0.07038123167155426,0.04663212435233162,0.0,0.0,1.0
0.7634408602150538,0.75,0.688888888888889,0.5155223204169501,0.4082815734989648,0.4633431085043988,0.3523316062176166,1.0,0.0,0.0
0.31182795698924726,0.32894736842105277,0.5111111111111112,0.14343983684568323,0.08819875776397516,0.12512218963831867,0.11917098445595856,0.0,0.0,1.0
0.34408602150537637,0.42105263157894746,0.4222222222222223,0.14615907545887155,0.13871635610766048,0.11632453567937438,0.0761658031088083,0.0,1.0,0.0
0.5591397849462367,0.5657894736842106,0.5555555555555557,0.27305687740765927,0.22774327122153215,0.22482893450635383,0.1958549222797928,0.0,1.0,0.0
0.5268817204301075,0.5131578947368423,0.5555555555555557,0.2182188987083617,0.1780538302277433,0.15347018572825022,0.1761658031088083,0.0,1.0,0.0
0.817204301075269,0.8684210526315792,0.7777777777777778,0.6646272377067755,0.4944099378881988,0.52297165200391,0.4948186528497409,0.0,0.0,1.0
0.5268817204301075,0.5131578947368423,0.6222222222222222,0.26421935191479723,0.19585921325051764,0.2561094819159335,0.1917098445595855,0.0,0.0,1.0
0.5806451612903227,0.5789473684210527,0.5777777777777777,0.30500793111262187,0.2082815734989648,0.23558162267839683,0.23316062176165805,1.0,0.0,0.0
0.29032258064516125,0.3157894736842106,0.44444444444444453,0.10038522547020168,0.07867494824016566,0.09188660801564026,0.07253886010362695,1.0,0.0,0.0
0.5913978494623657,0.5789473684210527,0.5777777777777777,0.30206208928166783,0.25093167701863356,0.28739002932551316,0.1917098445595855,0.0,1.0,0.0
0.5806451612903227,0.5131578947368423,0.5333333333333334,0.26875141627011107,0.2368530020703934,0.23460410557184747,0.18756476683937826,0.0,1.0,0.0
0.26881720430107536,0.2894736842105263,0.4,0.10106503512349876,0.09523809523809525,0.09579667644183772,0.06217616580310882,0.0,1.0,0.0
0.6021505376344087,0.618421052631579,0.5333333333333334,0.30750056650804447,0.25217391304347825,0.25806451612903225,0.22694300518134716,1.0,0.0,0.0
0.6666666666666667,0.6710526315789476,0.48888888888888893,0.2859732608203037,0.23892339544513463,0.23558162267839683,0.20518134715025907,0.0,1.0,0.0
0.6666666666666667,0.7236842105263159,0.6444444444444445,0.5157489236347157,0.4331262939958593,0.47507331378299117,0.30569948186528506,0.0,0.0,1.0
0.5806451612903227,0.5789473684210527,0.6,0.23340131429866307,0.1850931677018634,0.20527859237536655,0.183419689119171,0.0,1.0,0.0
0.5913978494623657,0.6447368421052633,0.7111111111111111,0.27826875141627017,0.21407867494824018,0.28543499511241444,0.18652849740932645,0.0,1.0,0.0
0.7634408602150538,0.8026315789473686,0.688888888888889,0.5581237253569,0.4749482401656316,0.5386119257086999,0.3626943005181348,0.0,0.0,1.0
0.15053763440860213,0.13157894736842113,0.2888888888888889,0.030591434398368464,0.02857142857142858,0.01759530791788856,0.023834196891191706,0.0,0.0,1.0
0.838709677419355,0.736842105263158,0.7111111111111111,0.513256288239293,0.4057971014492754,0.5718475073313783,0.35854922279792756,0.0,1.0,0.0
0.838709677419355,0.8815789473684212,0.8222222222222223,0.6054837978699299,0.4952380952380953,0.5835777126099707,0.3901554404145078,1.0,0.0,0.0
0.913978494623656,0.9078947368421055,0.688888888888889,0.4962610469068662,0.4919254658385093,0.4037145650048875,0.2704663212435233,1.0,0.0,0.0
0.7634408602150538,0.75,0.6222222222222222,0.4627237706775437,0.3577639751552795,0.5356793743890518,0.28549222797927465,1.0,0.0,0.0
0.3763440860215054,0.35526315789473695,0.5333333333333334,0.15318377520960802,0.10103519668737061,0.25122189638318665,0.08290155440414508,0.0,0.0,1.0
0.7311827956989247,0.7763157894736843,0.6666666666666667,0.5361432132336279,0.48861283643892345,0.439882697947214,0.2849740932642487,0.0,0.0,1.0
0.7096774193548387,0.6842105263157896,0.48888888888888893,0.3618853387718106,0.32339544513457563,0.313782991202346,0.22797927461139902,0.0,1.0,0.0
0.032258064516129004,0.052631578947368474,0.33333333333333337,0.006571493315205082,0.0020703933747412,0.03225806451612903,0.010362694300518137,0.0,0.0,1.0
0.5806451612903227,0.5921052631578947,0.6,0.3401314298663042,0.30434782608695654,0.31476050830889535,0.21554404145077724,0.0,0.0,1.0
0.5698924731182797,0.5921052631578947,0.6444444444444445,0.32630863358259693,0.2890269151138717,0.3049853372434017,0.1979274611398964,1.0,0.0,0.0
0.5053763440860215,0.4342105263157895,0.44444444444444453,0.22229775662814416,0.24513457556935825,0.24535679374389047,0.10984455958549222,0.0,0.0,1.0
0.806451612903226,0.6710526315789476,0.6444444444444445,0.620892816677997,0.5333333333333334,0.5894428152492669,0.14766839378238342,1.0,0.0,0.0
0.6236559139784945,0.5921052631578947,0.6444444444444445,0.31135282121006125,0.2832298136645963,0.25317693059628543,0.19533678756476686,1.0,0.0,0.0
0.7311827956989247,0.736842105263158,0.6222222222222222,0.4851574892363472,0.38509316770186336,0.4721407624633431,0.3233160621761658,1.0,0.0,0.0
0.7311827956989247,0.7236842105263159,0.7111111111111111,0.415363698164514,0.3465838509316771,0.3773216031280547,0.26943005181347157,1.0,0.0,0.0
0.5053763440860215,0.5657894736842106,0.5333333333333334,0.22909585316111492,0.1954451345755694,0.1906158357771261,0.18134715025906736,1.0,0.0,0.0
0.7311827956989247,0.6973684210526316,0.6,0.5370496261046906,0.44844720496894414,0.8035190615835777,0.2953367875647669,0.0,0.0,1.0
0.6451612903225805,0.6447368421052633,0.6444444444444445,0.3369589848175845,0.2881987577639752,0.3743890518084066,0.18134715025906736,0.0,0.0,1.0
0.7419354838709677,0.8157894736842106,0.688888888888889,0.5470201676863813,0.4364389233954452,0.5298142717497556,0.33264248704663213,0.0,0.0,1.0
0.5376344086021507,0.5394736842105263,0.5777777777777777,0.3179243145252663,0.2728778467908903,0.34115347018572817,0.21243523316062177,1.0,0.0,0.0
0.7096774193548387,0.6447368421052633,0.6444444444444445,0.45864491275776115,0.30517598343685304,0.5503421309872922,0.26943005181347157,1.0,0.0,0.0
0.7204301075268817,0.7105263157894737,0.5777777777777777,0.3754815318377522,0.28654244306418225,0.3235581622678397,0.2901554404145078,1.0,0.0,0.0
0.6451612903225805,0.6578947368421053,0.8,0.7863131656469524,0.7449275362318842,0.7751710654936461,0.4155440414507773,0.0,0.0,1.0
0.5376344086021507,0.5526315789473684,0.4666666666666667,0.26376614547926586,0.24016563146997932,0.2619745845552297,0.0979274611398964,0.0,0.0,1.0
0.3978494623655915,0.381578947368421,0.44444444444444453,0.13460231135282122,0.09192546583850934,0.12023460410557184,0.0979274611398964,1.0,0.0,0.0
0.795698924731183,0.8026315789473686,0.7777777777777778,0.6426467255835033,0.554865424430642,0.6725317693059628,0.3471502590673575,0.0,0.0,1.0
0.5161290322580645,0.5131578947368423,0.48888888888888893,0.25492861998640387,0.20662525879917187,0.2776148582600195,0.15025906735751296,1.0,0.0,0.0
0.78494623655914,0.7631578947368423,0.6,0.491955585769318,0.46169772256728786,0.3773216031280547,0.3098445595854923,0.0,0.0,1.0
0.3870967741935485,0.4078947368421053,0.5555555555555557,0.14638567867663724,0.0956521739130435,0.1124144672531769,0.12435233160621764,0.0,1.0,0.0
0.3978494623655915,0.44736842105263164,0.4666666666666667,0.15726263312939046,0.14616977225672878,0.17497556207233622,0.10362694300518138,0.0,1.0,0.0
0.6129032258064515,0.618421052631579,0.6,0.33491955585769323,0.32256728778467914,0.2336265884652981,0.23834196891191714,1.0,0.0,0.0
0.78494623655914,0.8026315789473686,0.6444444444444445,0.5465669612508499,0.5142857142857145,0.5464320625610948,0.28704663212435233,0.0,0.0,1.0
0.6129032258064515,0.5921052631578947,0.48888888888888893,0.2404260140493995,0.1954451345755694,0.21407624633431083,0.1761658031088083,0.0,1.0,0.0
0.5053763440860215,0.381578947368421,0.6222222222222222,0.3618853387718106,0.3089026915113872,0.32942326490713586,0.24145077720207261,0.0,0.0,1.0
0.6344086021505375,0.7105263157894737,0.5777777777777777,0.33220031724450494,0.2658385093167702,0.28054740957966756,0.23730569948186533,0.0,0.0,1.0
0.6881720430107527,0.8026315789473686,0.7555555555555556,0.5261726716519375,0.467080745341615,0.4789833822091886,0.2849740932642487,0.0,0.0,1.0
0.4731182795698925,0.4605263157894737,0.4222222222222223,0.19782460910944938,0.1942028985507247,0.14956011730205276,0.1139896373056995,0.0,1.0,0.0
0.31182795698924726,0.3421052631578948,0.3777777777777778,0.12893723090867892,0.10766045548654245,0.12218963831867057,0.0984455958549223,0.0,0.0,1.0
0.27956989247311825,0.2894736842105263,0.35555555555555557,0.08248357126671199,0.06252587991718427,0.08602150537634408,0.05181347150259068,0.0,0.0,1.0
0.806451612903226,0.8026315789473686,0.6,0.41649671425334245,0.3594202898550725,0.37829912023460405,0.27461139896373055,1.0,0.0,0.0
0.6451612903225805,0.6710526315789476,0.6444444444444445,0.4255608429639701,0.3871635610766046,0.4711632453567937,0.2305699481865285,0.0,0.0,1.0
0.6881720430107527,0.7105263157894737,0.6,0.4559256741445729,0.43850931677018634,0.3255131964809384,0.27461139896373055,1.0,0.0,0.0
0.09677419354838712,0.0921052631578948,0.26666666666666666,0.014049399501472923,0.0016563146997929587,0.011730205278592379,0.020725388601036267,0.0,0.0,1.0
0.19354838709677413,0.21052631578947367,0.4,0.06616813958758216,0.055486542443064196,0.05669599217986315,0.045077720207253896,1.0,0.0,0.0
0.3763440860215054,0.381578947368421,0.4,0.12553818264219355,0.09275362318840581,0.10459433040078202,0.0984455958549223,0.0,0.0,1.0
0.7311827956989247,0.6710526315789476,0.6444444444444445,0.3745751189666894,0.36935817805383026,0.3333333333333333,0.19481865284974095,0.0,0.0,1.0
0.7419354838709677,0.7763157894736843,0.6666666666666667,0.5275322909585318,0.4368530020703934,0.5356793743890518,0.2849740932642487,1.0,0.0,0.0
0.7634408602150538,0.7763157894736843,0.7333333333333334,0.4668026285973261,0.32712215320910976,0.3949169110459433,0.3595854922279793,0.0,0.0,1.0
0.7204301075268817,0.6842105263157896,0.6,0.36211194198957636,0.3445134575569359,0.29912023460410553,0.20880829015544042,1.0,0.0,0.0
0.7419354838709677,0.75,0.6666666666666667,0.4545660548379788,0.3573498964803313,0.40469208211143687,0.2886010362694301,1.0,0.0,0.0
0.5483870967741937,0.6447368421052633,0.5333333333333334,0.27373668706095633,0.19792960662525882,0.303030303030303,0.23316062176165805,0.0,1.0,0.0
0.6236559139784945,0.618421052631579,0.7111111111111111,0.3704962610469069,0.27743271221532095,0.3890518084066471,0.2518134715025907,0.0,0.0,1.0
0.6774193548387097,0.7105263157894737,0.6666666666666667,0.49354180829367794,0.47660455486542447,0.418377321603128,0.24248704663212442,0.0,0.0,1.0
0.6021505376344087,0.6315789473684212,0.7333333333333334,0.35304781327894863,0.25838509316770186,0.34213098729227753,0.2642487046632125,1.0,0.0,0.0
0.6881720430107527,0.736842105263158,0.5777777777777777,0.29549059596646277,0.25590062111801243,0.25219941348973607,0.2062176165803109,1.0,0.0,0.0
0.6559139784946237,0.6710526315789476,0.5555555555555557,0.28982551552232044,0.23229813664596277,0.241446725317693,0.23316062176165805,0.0,1.0,0.0
0.6774193548387097,0.7236842105263159,0.5555555555555557,0.3573532744164968,0.30144927536231886,0.29912023460410553,0.25803108808290154,0.0,0.0,1.0
0.7419354838709677,0.736842105263158,0.6444444444444445,0.4937684115114435,0.4848861283643893,0.3792766373411534,0.2715025906735752,0.0,0.0,1.0
0.4408602150537635,0.42105263157894746,0.4666666666666667,0.21051438930432814,0.1859213250517599,0.198435972629521,0.13989637305699482,1.0,0.0,0.0
0.5161290322580645,0.47368421052631593,0.5555555555555557,0.24269204622705648,0.16811594202898555,0.3401759530791788,0.12435233160621764,0.0,0.0,1.0
0.5806451612903227,0.6842105263157896,0.6,0.3680036256514843,0.3606625258799172,0.2825024437927663,0.21088082901554409,0.0,1.0,0.0
0.827956989247312,0.7763157894736843,0.688888888888889,0.53183775209608,0.4621118012422361,0.5112414467253177,0.33108808290155445,0.0,1.0,0.0
0.7096774193548387,0.6973684210526316,0.6222222222222222,0.4117380466802629,0.37391304347826093,0.36754643206256105,0.24715025906735757,0.0,0.0,1.0
0.5591397849462367,0.5921052631578947,0.688888888888889,0.32268298209834584,0.2708074534161491,0.2971652003910068,0.2072538860103627,0.0,1.0,0.0
0.40860215053763427,0.42105263157894746,0.4,0.13437570813505553,0.09730848861283646,0.14467253176930595,0.10362694300518138,1.0,0.0,0.0
0.7204301075268817,0.7236842105263159,0.7111111111111111,0.45048719691819633,0.33167701863354043,0.5669599217986315,0.26943005181347157,0.0,0.0,1.0
0.5698924731182797,0.47368421052631593,0.6,0.450713800135962,0.41159420289855075,0.42033235581622674,0.2533678756476684,1.0,0.0,0.0
0.774193548387097,0.7763157894736843,0.6,0.48832993428506694,0.4252587991718428,0.3939393939393939,0.306217616580311,1.0,0.0,0.0
0.7634408602150538,0.736842105263158,0.6666666666666667,0.5304781327894856,0.5155279503105592,0.45161290322580644,0.23989637305699488,1.0,0.0,0.0
0.6344086021505375,0.6710526315789476,0.6,0.36392476773170185,0.23809523809523814,0.34701857282502435,0.2678756476683938,1.0,0.0,0.0
0.6881720430107527,0.6973684210526316,0.688888888888889,0.4334919555857694,0.3759834368530021,0.38123167155425214,0.29067357512953373,1.0,0.0,0.0
0.6451612903225805,0.6315789473684212,0.5333333333333334,0.31271244051665537,0.2749482401656315,0.3167155425219941,0.18652849740932645,0.0,0.0,1.0
0.4731182795698925,0.48684210526315796,0.5333333333333334,0.29798323136188537,0.26128364389233955,0.2502443792766373,0.20569948186528497,0.0,0.0,1.0
0.6881720430107527,0.736842105263158,0.6666666666666667,0.46068434171765255,0.44844720496894414,0.36754643206256105,0.2569948186528498,1.0,0.0,0.0
0.6559139784946237,0.6578947368421053,0.5555555555555557,0.38341264445955137,0.3449275362318841,0.30400782013685235,0.2642487046632125,0.0,0.0,1.0
0.3655913978494624,0.4078947368421053,0.4,0.15748923634715614,0.13084886128364392,0.12512218963831867,0.11295336787564766,1.0,0.0,0.0
0.23655913978494625,0.25,0.33333333333333337,0.0822569680489463,0.08074534161490683,0.06842619745845553,0.04663212435233162,0.0,0.0,1.0
0.6021505376344087,0.5789473684210527,0.5333333333333334,0.3704962610469069,0.38385093167701867,0.3362658846529814,0.16321243523316065,0.0,0.0,1.0
0.6236559139784945,0.605263157894737,0.48888888888888893,0.3501019714479946,0.27950310559006214,0.30107526881720426,0.24352331606217623,0.0,0.0,1.0
0.78494623655914,0.8157894736842106,0.6444444444444445,0.4806254248810335,0.38136645962732924,0.5503421309872922,0.30569948186528506,0.0,0.0,1.0
0.6881720430107527,0.7236842105263159,0.6666666666666667,0.3591661001586223,0.3047619047619048,0.32649071358748777,0.24093264248704668,0.0,0.0,1.0
0.6129032258064515,0.5921052631578947,0.5111111111111112,0.29911624745071386,0.25175983436853006,0.3108504398826979,0.17927461139896375,0.0,0.0,1.0
0.7311827956989247,0.736842105263158,0.6666666666666667,0.45705869023340145,0.39585921325051765,0.4320625610948191,0.25129533678756477,0.0,0.0,1.0
0.6129032258064515,0.6447368421052633,0.7111111111111111,0.40131429866304114,0.33250517598343693,0.4066471163245356,0.23264248704663218,1.0,0.0,0.0
0.3655913978494624,0.3421052631578948,0.4,0.13641513709494676,0.11677018633540374,0.12023460410557184,0.07772020725388602,1.0,0.0,0.0
0.5698924731182797,0.5921052631578947,0.5555555555555557,0.25515522320416956,0.1788819875776398,0.21700879765395892,0.21761658031088085,0.0,1.0,0.0
0.870967741935484,0.8026315789473686,0.7333333333333334,0.6029911624745072,0.48530020703933746,0.5493646138807429,0.344559585492228,0.0,0.0,1.0
0.4838709677419355,0.48684210526315796,0.4666666666666667,0.2397462043961025,0.2368530020703934,0.21309872922776146,0.13160621761658034,0.0,0.0,1.0
0.3978494623655915,0.4342105263157895,0.4666666666666667,0.1416270111035577,0.11801242236024846,0.10166177908113393,0.11088082901554405,0.0,1.0,0.0
0.40860215053763427,0.4342105263157895,0.7333333333333334,0.17493768411511448,0.12091097308488614,0.1935483870967742,0.12694300518134716,0.0,0.0,1.0
0.78494623655914,0.7236842105263159,0.6,0.4840244731475188,0.4637681159420291,0.4496578690127077,0.2538860103626943,0.0,0.0,1.0
0.795698924731183,0.8026315789473686,0.6444444444444445,0.5708135055517789,0.4910973084886128,0.5102639296187683,0.33834196891191715,0.0,0.0,1.0
0.6021505376344087,0.6842105263157896,0.6444444444444445,0.4112848402447316,0.3200828157349897,0.33822091886608013,0.3077720207253887,1.0,0.0,0.0
0.6666666666666667,0.6973684210526316,0.7333333333333334,0.4817584409698619,0.45797101449275374,0.386119257086999,0.27979274611398963,0.0,0.0,1.0
0.6344086021505375,0.6578947368421053,0.6444444444444445,0.3922501699524134,0.37225672877846794,0.3235581622678397,0.21347150259067357,0.0,1.0,0.0
0.6451612903225805,0.6973684210526316,0.6666666666666667,0.41559030138227965,0.4095238095238096,0.2668621700879765,0.24766839378238345,0.0,0.0,1.0
0.827956989247312,0.7894736842105263,0.6666666666666667,0.5551778835259462,0.45797101449275374,0.5630498533724341,0.3316062176165804,1.0,0.0,0.0
0.5806451612903227,0.5789473684210527,0.5333333333333334,0.2748697031497848,0.2376811594202899,0.2443792766373411,0.18134715025906736,0.0,1.0,0.0
0.7526881720430108,0.7894736842105263,0.8,0.5356900067980968,0.3896480331262941,0.5884652981427175,0.3471502590673575,1.0,0.0,0.0
0.17204301075268813,0.19736842105263164,0.4,0.033990482664853855,0.019875776397515532,0.030303030303030304,0.04145077720207255,0.0,1.0,0.0
0.16129032258064513,0.17105263157894746,0.4,0.06662134602311355,0.0803312629399586,0.044965786901270774,0.03471502590673575,0.0,1.0,0.0
0.7419354838709677,0.6973684210526316,0.7111111111111111,0.47813278948561083,0.46335403726708085,0.4467253176930596,0.23937823834196895,0.0,0.0,1.0
0.5053763440860215,0.4078947368421053,0.48888888888888893,0.15794244278268754,0.11262939958592134,0.18670576735092864,0.10155440414507774,0.0,1.0,0.0
0.78494623655914,0.7763157894736843,0.6444444444444445,0.5699070926807162,0.5188405797101451,0.5796676441837733,0.2849740932642487,0.0,0.0,1.0
0.6989247311827957,0.75,0.6,0.4579651031044642,0.3983436853002071,0.45943304007820135,0.2642487046632125,1.0,0.0,0.0
0.6989247311827957,0.7105263157894737,0.5555555555555557,0.45026059370043064,0.42194616977225685,0.4447702834799609,0.24248704663212442,0.0,0.0,1.0
0.13978494623655902,0.17105263157894746,0.33333333333333337,0.03217765692272831,0.026915113871635615,0.03128054740957967,0.019689119170984454,0.0,0.0,1.0
0.6344086021505375,0.6315789473684212,0.6444444444444445,0.32404260140494,0.29399585921325055,0.32942326490713586,0.2062176165803109,0.0,0.0,1.0
0.6881720430107527,0.6447368421052633,0.6,0.380013596193066,0.3246376811594203,0.3773216031280547,0.24611398963730577,1.0,0.0,0.0
0.4838709677419355,0.4605263157894737,0.5333333333333334,0.25447541355087244,0.26128364389233955,0.24828934506353856,0.12538860103626945,1.0,0.0,0.0
0.6451612903225805,0.75,0.5111111111111112,0.4575118966689327,0.44761904761904764,0.44379276637341153,0.20414507772020726,0.0,0.0,1.0
0.7096774193548387,0.6973684210526316,0.688888888888889,0.450713800135962,0.39503105590062115,0.4125122189638318,0.27979274611398963,0.0,0.0,1.0
0.3978494623655915,0.4078947368421053,0.4,0.13913437570813508,0.10476190476190476,0.1515151515151515,0.13989637305699482,0.0,0.0,1.0
0.5591397849462367,0.5657894736842106,0.5111111111111112,0.28393383186041243,0.2670807453416149,0.2697947214076246,0.14974093264248706,1.0,0.0,0.0
0.5376344086021507,0.5789473684210527,0.5111111111111112,0.2977566281441197,0.28571428571428575,0.3343108504398827,0.18134715025906736,0.0,1.0,0.0
0.4516129032258065,0.5,0.4666666666666667,0.24926353954226155,0.2376811594202899,0.18377321603128055,0.15025906735751296,0.0,0.0,1.0
0.5268817204301075,0.5657894736842106,0.6222222222222222,0.32540222071153413,0.31677018633540377,0.21896383186705765,0.17046632124352332,0.0,0.0,1.0
0.7096774193548387,0.736842105263158,0.688888888888889,0.524359845909812,0.45672877846790894,0.5356793743890518,0.300518134715026,0.0,0.0,1.0
0.3763440860215054,0.381578947368421,0.5111111111111112,0.15794244278268754,0.14037267080745341,0.0879765395894428,0.1139896373056995,0.0,1.0,0.0
0.4731182795698925,0.4342105263157895,0.6,0.4248810333106731,0.3714285714285715,0.37829912023460405,0.26528497409326424,0.0,0.0,1.0
0.5161290322580645,0.5131578947368423,0.5777777777777777,0.29571719918422845,0.2542443064182195,0.303030303030303,0.15025906735751296,0.0,0.0,1.0
0.6021505376344087,0.5789473684210527,0.5777777777777777,0.25560842963970093,0.21863354037267085,0.19745845552297164,0.1829015544041451,0.0,1.0,0.0
0.6236559139784945,0.6710526315789476,0.5333333333333334,0.38771810559709957,0.29109730848861287,0.43597262952101656,0.23367875647668399,1.0,0.0,0.0
0.5376344086021507,0.5657894736842106,0.5333333333333334,0.2506231588488557,0.17474120082815736,0.21896383186705765,0.1761658031088083,1.0,0.0,0.0
0.6129032258064515,0.618421052631579,0.5333333333333334,0.29186494448221173,0.23602484472049695,0.21309872922776146,0.2150259067357513,0.0,1.0,0.0
0.6021505376344087,0.5789473684210527,0.48888888888888893,0.3661907999093588,0.26128364389233955,0.35874877810361677,0.30569948186528506,1.0,0.0,0.0
0.6989247311827957,0.6973684210526316,0.6666666666666667,0.47745297983231366,0.4683229813664597,0.3870967741935484,0.261139896373057,1.0,0.0,0.0
0.19354838709677413,0.19736842105263164,0.4,0.04985270790845231,0.037267080745341616,0.05669599217986315,0.036269430051813475,0.0,0.0,1.0
0.6989247311827957,0.6973684210526316,0.6222222222222222,0.3852254702016769,0.28778467908902694,0.3802541544477028,0.30518134715025913,1.0,0.0,0.0
0.6344086021505375,0.605263157894737,0.6222222222222222,0.35055517788352597,0.3031055900621118,0.396871945259042,0.1968911917098446,1.0,0.0,0.0
0.849462365591398,0.8421052631578949,0.6222222222222222,0.6138681169272604,0.48240165631469983,0.6080156402737048,0.3937823834196892,1.0,0.0,0.0
0.6236559139784945,0.6447368421052633,0.5555555555555557,0.3041015182415591,0.2426501035196688,0.23167155425219937,0.21243523316062177,0.0,0.0,1.0
0.5376344086021507,0.5526315789473684,0.4222222222222223,0.20416949920688876,0.17142857142857149,0.18377321603128055,0.1544041450777202,0.0,1.0,0.0
0.838709677419355,0.8421052631578949,0.7333333333333334,0.6197598005891685,0.565217391304348,0.6129032258064516,0.3533678756476685,0.0,0.0,1.0
0.4731182795698925,0.4342105263157895,0.5333333333333334,0.14774529798323138,0.10434782608695654,0.1485826001955034,0.11917098445595856,1.0,0.0,0.0
0.6989247311827957,0.6578947368421053,0.6444444444444445,0.4439157036029912,0.3109730848861284,0.5317693059628543,0.2953367875647669,0.0,0.0,1.0
0.5161290322580645,0.5,0.48888888888888893,0.24427826875141634,0.2111801242236025,0.198435972629521,0.15595854922279795,0.0,1.0,0.0
0.15053763440860213,0.1578947368421053,0.4222222222222223,0.03852254702016769,0.01697722567287785,0.0576735092864125,0.036269430051813475,0.0,1.0,0.0
0.6344086021505375,0.6315789473684212,0.5777777777777777,0.32766825288919105,0.30600414078674953,0.3225806451612903,0.18652849740932645,0.0,0.0,1.0
0.6236559139784945,0.6447368421052633,0.6,0.38092000906412876,0.40207039337474126,0.31182795698924726,0.1751295336787565,1.0,0.0,0.0
0.6021505376344087,0.5657894736842106,0.7333333333333334,0.6981645139360981,0.6045548654244308,0.6265884652981427,0.42746113989637313,1.0,0.0,0.0
0.18279569892473113,0.14473684210526316,0.44444444444444453,0.042601404939950155,0.039751552795031064,0.02932551319648094,0.031088082901554417,0.0,1.0,0.0
0.838709677419355,0.8421052631578949,0.688888888888889,0.5785180149558125,0.5544513457556937,0.533724340175953,0.3595854922279793,0.0,0.0,1.0
0.5268817204301075,0.5526315789473684,0.4666666666666667,0.21391343757081355,0.19461697722567295,0.17693059628543495,0.13419689119170988,0.0,1.0,0.0
0.4731182795698925,0.5394736842105263,0.5555555555555557,0.24359845909811922,0.17639751552795035,0.260019550342131,0.16165803108808294,0.0,1.0,0.0
0.6559139784946237,0.6842105263157896,0.6,0.3879447088148652,0.31966873706004145,0.439882697947214,0.21450777202072543,0.0,0.0,1.0
0.6666666666666667,0.6447368421052633,0.48888888888888893,0.33355993655109906,0.3242236024844721,0.23851417399804492,0.21243523316062177,0.0,1.0,0.0
0.6129032258064515,0.6315789473684212,0.5777777777777777,0.3632449580784048,0.3221532091097309,0.35679374389051804,0.2150259067357513,0.0,0.0,1.0
0.3655913978494624,0.3157894736842106,0.5333333333333334,0.14230682075685477,0.11180124223602485,0.17008797653958946,0.07253886010362695,1.0,0.0,0.0
0.6129032258064515,0.6842105263157896,0.6,0.47926580557443926,0.44347826086956527,0.37536656891495596,0.2792746113989638,0.0,1.0,0.0
0.7096774193548387,0.6973684210526316,0.6666666666666667,0.42057557217312497,0.37474120082815743,0.4154447702834799,0.23523316062176172,0.0,0.0,1.0
0.774193548387097,0.8157894736842106,0.8444444444444444,0.6387944708814866,0.511801242236025,0.5962854349951124,0.3756476683937825,1.0,0.0,0.0
0.7204301075268817,0.8026315789473686,0.6,0.5311579424427828,0.413664596273292,0.5904203323558163,0.2901554404145078,0.0,0.0,1.0
0.7096774193548387,0.7631578947368423,0.6666666666666667,0.4348515748923635,0.33706004140786755,0.47605083088954053,0.28704663212435233,1.0,0.0,0.0
0.40860215053763427,0.368421052631579,0.5555555555555557,0.15295717199184233,0.1519668737060042,0.15835777126099704,0.07875647668393784,0.0,1.0,0.0
0.5806451612903227,0.605263157894737,0.5555555555555557,0.28144119646498983,0.2496894409937888,0.2825024437927663,0.19326424870466324,1.0,0.0,0.0
0.6344086021505375,0.6315789473684212,0.6444444444444445,0.3596193065941537,0.33498964803312636,0.3206256109481916,0.2072538860103627,0.0,1.0,0.0
0.6451612903225805,0.6447368421052633,0.5555555555555557,0.37956038975753464,0.36480331262939963,0.2971652003910068,0.22072538860103627,0.0,0.0,1.0
0.25806451612903225,0.25,0.48888888888888893,0.1327894856106957,0.12049689440993792,0.11827956989247311,0.08031088082901554,0.0,0.0,1.0
0.34408602150537637,0.3421052631578948,0.4222222222222223,0.12236573759347386,0.09233954451345756,0.1300097751710655,0.0849740932642487,0.0,0.0,1.0
0.7634408602150538,0.7631578947368423,0.7111111111111111,0.4926353954226151,0.5478260869565218,0.47507331378299117,0.2932642487046633,1.0,0.0,0.0
0.10752688172043012,0.14473684210526316,0.2888888888888889,0.03444368910038524,0.014078674948240166,0.040078201368523955,0.031088082901554417,1.0,0.0,0.0
0.6774193548387097,0.6973684210526316,0.6222222222222222,0.47745297983231366,0.41118012422360256,0.4682306940371456,0.27979274611398963,1.0,0.0,0.0
0.5806451612903227,0.5657894736842106,0.6222222222222222,0.3571266711987311,0.37225672877846794,0.2952101661779081,0.17098445595854922,0.0,1.0,0.0
0.795698924731183,0.8289473684210527,0.7111111111111111,0.5173351461590756,0.4716356107660456,0.4848484848484848,0.3067357512953368,0.0,0.0,1.0
0.3870967741935485,0.381578947368421,0.48888888888888893,0.17788352594606846,0.11842650103519671,0.166177908113392,0.15025906735751296,0.0,0.0,1.0
0.5053763440860215,0.5131578947368423,0.5555555555555557,0.23090867890324046,0.2008281573498965,0.2258064516129032,0.13264248704663215,0.0,0.0,1.0
0.6021505376344087,0.605263157894737,0.5111111111111112,0.2959438024019942,0.2554865424430642,0.28054740957966756,0.18860103626943006,0.0,1.0,0.0
0.4193548387096775,0.4078947368421053,0.4222222222222223,0.15023793337865401,0.10890269151138716,0.13098729227761485,0.10880829015544041,0.0,1.0,0.0
0.7419354838709677,0.7631578947368423,0.6222222222222222,0.477226376614548,0.380952380952381,0.48582600195503417,0.3160621761658031,0.0,0.0,1.0
0.7419354838709677,0.6578947368421053,0.688888888888889,0.4341717652390665,0.3726708074534162,0.4007820136852394,0.2849740932642487,0.0,0.0,1.0
0.5053763440860215,0.5131578947368423,0.5333333333333334,0.23204169499206895,0.21532091097308492,0.1798631476050831,0.15077720207253886,0.0,1.0,0.0
0.4838709677419355,0.5131578947368423,0.6666666666666667,0.2741898934964877,0.18385093167701866,0.24535679374389047,0.21761658031088085,1.0,0.0,0.0
0.7419354838709677,0.7631578947368423,0.7111111111111111,0.5121232721504647,0.4438923395445135,0.501466275659824,0.2886010362694301,0.0,0.0,1.0
0.6344086021505375,0.6315789473684212,0.688888888888889,0.4072059823249491,0.4169772256728779,0.36754643206256105,0.19481865284974095,0.0,0.0,1.0
0.6774193548387097,0.6842105263157896,0.6,0.43167912984364387,0.36894409937888206,0.37243401759530786,0.2559585492227979,1.0,0.0,0.0
0.33333333333333337,0.3026315789473685,0.2888888888888889,0.0944935418082937,0.08530020703933748,0.06647116324535679,0.06735751295336788,0.0,1.0,0.0
0.6666666666666667,0.6710526315789476,0.5555555555555557,0.3988216632676185,0.37308488612836443,0.3655913978494623,0.22797927461139902,0.0,0.0,1.0
0.6881720430107527,0.7105263157894737,0.6444444444444445,0.40901880806707464,0.36397515527950314,0.4301075268817204,0.22435233160621762,1.0,0.0,0.0
0.5806451612903227,0.6315789473684212,0.6222222222222222,0.3927033763879448,0.41283643892339555,0.29032258064516125,0.1844559585492228,1.0,0.0,0.0
0.7634408602150538,0.7631578947368423,0.0,0.4679356446861546,0.38592132505175986,0.544477028347996,0.2575129533678756,1.0,0.0,0.0
0.795698924731183,0.7631578947368423,0.6444444444444445,0.5377294357579878,0.44016563146997933,0.5904203323558163,0.3264248704663213,1.0,0.0,0.0
0.7634408602150538,0.7894736842105263,0.688888888888889,0.5164287332880129,0.38633540372670816,0.5718475073313783,0.3264248704663213,1.0,0.0,0.0
0.913978494623656,0.8815789473684212,0.8444444444444444,0.7400861092227511,0.6467908902691513,0.7575757575757576,0.4362694300518135,1.0,0.0,0.0
0.4838709677419355,0.5394736842105263,0.48888888888888893,0.23476093360525724,0.201656314699793,0.20234604105571846,0.11917098445595856,0.0,0.0,1.0
0.4731182795698925,0.5263157894736843,0.5555555555555557,0.2227509630636756,0.16190476190476194,0.20723362658846528,0.17098445595854922,0.0,0.0,1.0
0.6559139784946237,0.6710526315789476,0.688888888888889,0.36641740312712445,0.2645962732919255,0.4721407624633431,0.2590673575129534,1.0,0.0,0.0
0.4731182795698925,0.4605263157894737,0.4666666666666667,0.20507591207795156,0.18840579710144933,0.20625610948191592,0.10880829015544041,0.0,0.0,1.0
0.18279569892473113,0.21052631578947367,0.31111111111111117,0.043734421028778614,0.03312629399585923,0.04301075268817203,0.031088082901554417,0.0,0.0,1.0
0.6129032258064515,0.618421052631579,0.48888888888888893,0.3072739632902788,0.26004140786749486,0.29912023460410553,0.18134715025906736,0.0,0.0,1.0
0.6451612903225805,0.6447368421052633,0.6,0.3607523226829822,0.28778467908902694,0.35679374389051804,0.25854922279792747,1.0,0.0,0.0
0.6774193548387097,0.6710526315789476,0.6444444444444445,0.36120552911851356,0.29399585921325055,0.33822091886608013,0.25647668393782386,1.0,0.0,0.0
0.6344086021505375,0.6447368421052633,0.5777777777777777,0.3389984137774757,0.3494824016563148,0.2942326490713587,0.183419689119171,0.0,1.0,0.0
0.4408602150537635,0.39473684210526316,0.4666666666666667,0.17425787446181737,0.13623188405797104,0.18084066471163246,0.0984455958549223,0.0,1.0,0.0
0.3655913978494624,0.32894736842105277,0.4,0.1468388851121686,0.13457556935817805,0.11632453567937438,0.08290155440414508,0.0,1.0,0.0
0.5913978494623657,0.6315789473684212,0.5111111111111112,0.33469295263992754,0.3122153209109731,0.24535679374389047,0.2072538860103627,0.0,0.0,1.0
0.4408602150537635,0.48684210526315796,0.3777777777777778,0.19601178336732383,0.1457556935817806,0.16813294232649073,0.15025906735751296,1.0,0.0,0.0
0.34408602150537637,0.44736842105263164,0.5111111111111112,0.1645139360978926,0.1494824016563147,0.13098729227761485,0.11917098445595856,0.0,0.0,1.0
0.25806451612903225,0.26315789473684215,0.5111111111111112,0.0768184908225697,0.041821946169772264,0.07429130009775171,0.06735751295336788,0.0,0.0,1.0
0.20430107526881724,0.22368421052631582,0.3777777777777778,0.06888737820077048,0.05962732919254658,0.0527859237536657,0.04663212435233162,0.0,0.0,1.0
0.5698924731182797,0.5394736842105263,0.4666666666666667,0.3031951053704963,0.32173913043478264,0.21700879765395892,0.15544041450777205,0.0,0.0,1.0
0.5053763440860215,0.48684210526315796,0.4666666666666667,0.1998640380693406,0.15693581780538302,0.20625610948191592,0.14404145077720207,0.0,1.0,0.0
0.6344086021505375,0.6973684210526316,0.6,0.3872648991615682,0.3354037267080746,0.3255131964809384,0.24455958549222803,0.0,0.0,1.0
0.5591397849462367,0.5263157894736843,0.48888888888888893,0.347609336052572,0.36107660455486545,0.3167155425219941,0.1678756476683938,0.0,0.0,1.0
0.8817204301075268,0.8815789473684212,0.6222222222222222,0.6027645592567414,0.47908902691511396,0.5493646138807429,0.3626943005181348,1.0,0.0,0.0
0.4516129032258065,0.47368421052631593,0.4666666666666667,0.21164740539315663,0.18674948240165634,0.1622678396871945,0.14248704663212436,0.0,1.0,0.0
0.7526881720430108,0.855263157894737,0.7333333333333334,0.523680036256515,0.4741200828157351,0.44281524926686217,0.2849740932642487,0.0,0.0,1.0
0.3655913978494624,0.35526315789473695,0.5111111111111112,0.1121685927940177,0.09523809523809525,0.09775171065493647,0.06735751295336788,0.0,0.0,1.0
0.795698924731183,0.7631578947368423,0.6222222222222222,0.5497394062995695,0.4716356107660456,0.5669599217986315,0.30569948186528506,1.0,0.0,0.0
0.02150537634408589,0.052631578947368474,0.26666666666666666,0.012689780194878764,0.021118012422360243,0.0576735092864125,0.005181347150259065,0.0,1.0,0.0
0.29032258064516125,0.2894736842105263,0.44444444444444453,0.12032630863358262,0.129192546583851,0.0694037145650049,0.06528497409326425,0.0,0.0,1.0
0.4193548387096775,0.44736842105263164,0.4222222222222223,0.1504645365964197,0.11304347826086959,0.13587487781036167,0.12435233160621764,0.0,1.0,0.0
0.6451612903225805,0.6710526315789476,0.6,0.40448674371176074,0.36894409937888206,0.3743890518084066,0.23316062176165805,0.0,0.0,1.0
0.7204301075268817,0.8157894736842106,0.5333333333333334,0.45207341944255613,0.413664596273292,0.39296187683284456,0.2590673575129534,1.0,0.0,0.0
0.6989247311827957,0.7105263157894737,0.7111111111111111,0.4314525266258782,0.3457556935817806,0.3714565004887585,0.30569948186528506,1.0,0.0,0.0
0.795698924731183,0.8421052631578949,0.7555555555555556,0.5535916610015863,0.44761904761904764,0.48582600195503417,0.3590673575129534,0.0,0.0,1.0
0.40860215053763427,0.4078947368421053,0.5111111111111112,0.18060276455925675,0.1262939958592133,0.15053763440860213,0.1295336787564767,0.0,1.0,0.0
0.4946236559139785,0.5131578947368423,0.48888888888888893,0.1964649898028552,0.1788819875776398,0.17595307917888559,0.11658031088082901,0.0,1.0,0.0
0.40860215053763427,0.4342105263157895,0.4666666666666667,0.20643553138454568,0.20496894409937888,0.386119257086999,0.10362694300518138,0.0,0.0,1.0
0.5483870967741937,0.5657894736842106,0.5777777777777777,0.2558350328574666,0.18840579710144933,0.23851417399804492,0.20414507772020726,0.0,1.0,0.0
0.6344086021505375,0.6447368421052633,0.6222222222222222,0.3453433038749151,0.26086956521739135,0.3548387096774193,0.22538860103626948,0.0,0.0,1.0
0.7419354838709677,0.8157894736842106,0.6444444444444445,0.5166553365057784,0.4356107660455487,0.5796676441837733,0.29119170984455967,1.0,0.0,0.0
0.795698924731183,0.7763157894736843,0.6444444444444445,0.5703602991162475,0.5436853002070394,0.5366568914956011,0.2896373056994819,1.0,0.0,0.0
0.817204301075269,0.7894736842105263,0.7777777777777778,0.5803308406979379,0.4803312629399586,0.6021505376344086,0.3466321243523316,1.0,0.0,0.0
0.24731182795698925,0.26315789473684215,0.4,0.07160661681395877,0.04306418219461698,0.0694037145650049,0.058031088082901555,0.0,0.0,1.0
0.4731182795698925,0.42105263157894746,0.48888888888888893,0.1830953999546794,0.1519668737060042,0.14369501466275658,0.1290155440414508,0.0,1.0,0.0
0.8817204301075268,0.855263157894737,0.688888888888889,0.6478585995921144,0.6202898550724639,0.6236559139784945,0.3414507772020726,1.0,0.0,0.0
0.5376344086021507,0.5263157894736843,0.5111111111111112,0.24359845909811922,0.20621118012422363,0.2150537634408602,0.15544041450777205,0.0,1.0,0.0
0.7453368661532109,0.780478007266429,0.6964011570428206,0.6020745647720813,0.40517805018436986,0.5349020290301211,0.4512517000622346,0.0,1.0,0.0
0.7095260234116658,0.7759452678232873,0.9962453806093108,0.6853192266364108,0.4022922146739675,0.5949779245768005,0.6686143629812137,0.0,0.0,1.0
0.8901225171961308,0.9178328472892118,0.7777777777777778,0.6963866864413527,0.4960836729599115,0.6646014877603539,0.553225018942684,1.0,0.0,0.0
0.6523275435627606,0.7144246513908432,0.7934161443176871,0.4547556735260365,0.36260896470573384,0.34198407579294593,0.3252695631514752,0.0,0.0,1.0
0.7580168353815471,0.7390156389933502,0.765410200940661,0.517693141086936,0.366380666933933,0.590877668394279,0.30885309640323505,1.0,0.0,0.0
0.4408602150537635,0.4605263157894737,0.5555555555555557,0.24881033310673017,0.14244306418219466,0.19648093841642228,0.1606217616580311,0.0,1.0,0.0
0.924731182795699,0.8815789473684212,0.6666666666666667,0.8316338092000908,0.5971014492753625,0.4525904203323558,0.766839378238342,0.0,0.0,1.0
0.8011905679638207,0.8295117274018582,0.7777777777777778,0.5775102702712871,0.36776402463308255,0.5824410277669021,0.48826892255946475,1.0,0.0,0.0
0.6709888917531384,0.6954173824527848,0.6866557392608785,0.4107561467762121,0.28317045068282254,0.35067239830015257,0.28420580863425726,1.0,0.0,0.0
0.6989247311827957,0.717050010752487,0.6591348390278224,0.6470478861112589,0.40787904574337175,0.5768582360550634,0.3125934397830364,0.0,0.0,1.0
0.6236559139784945,0.6447368421052633,0.7111111111111111,0.3768411511443463,0.2770186335403727,0.2678396871945259,0.2642487046632125,1.0,0.0,0.0
0.49839494646568666,0.5133295725787058,0.6595975281921167,0.30973808827799015,0.2205437818845289,0.2971667183872878,0.16755275909495967,0.0,1.0,0.0
0.4623655913978495,0.4342105263157895,0.48888888888888893,0.16020847496034446,0.11552795031055903,0.08015640273704787,0.13367875647668395,0.0,1.0,0.0
0.5939785825782211,0.6814737703134165,0.8,0.40331114716325694,0.3084555983157602,0.3271710287126461,0.28891187471619395,0.0,0.0,1.0
0.5268817204301075,0.5394736842105263,0.7111111111111111,0.3399048266485385,0.25921325051759836,0.34701857282502435,0.17098445595854922,0.0,1.0,0.0
0.6344086021505375,0.6447368421052633,0.688888888888889,0.41853614321323374,0.2749482401656315,0.2756598240469208,0.3575129533678757,1.0,0.0,0.0
0.6268808908002192,0.6467100187132923,0.6977812069146488,0.3687534968307212,0.26894617603009274,0.2596306552846811,0.26813371560130056,1.0,0.0,0.0
0.6915579595086533,0.7301163543839067,0.6811576578279044,0.5539568409216904,0.3644896378422398,0.4927600909540191,0.4058875248388158,0.0,1.0,0.0
0.6129032258064515,0.7236842105263159,0.7111111111111111,0.37752096079764336,0.2840579710144928,0.3626588465298142,0.24352331606217623,1.0,0.0,0.0
0.577689422382157,0.6299065317041265,0.7492938689417423,0.42604964483372354,0.3204005270412185,0.38648901896959176,0.26223729041128824,0.0,1.0,0.0
0.7096774193548387,0.7763157894736843,1.0,0.6879673691366419,0.40289855072463776,0.5962854349951124,0.6735751295336787,0.0,0.0,1.0
0.621984234932023,0.6570104856306724,0.7111111111111111,0.37694683853477584,0.2781130122453298,0.2825808569679563,0.26102660826275964,1.0,0.0,0.0
0.774193548387097,0.7894736842105263,0.6666666666666667,0.5980058916836619,0.47122153209109746,0.5356793743890518,0.3626943005181348,0.0,0.0,1.0
0.5854710422612989,0.6468818624823678,0.6984095385937401,0.4162847473246791,0.3082237386149763,0.32175907903055556,0.301869092971807,0.0,1.0,0.0
0.4833702660718352,0.5359659387113429,0.5588151615202759,0.2539230214041751,0.18785433823653883,0.18976918806885085,0.21837659206431304,1.0,0.0,0.0
0.464804721021215,0.4953884600061882,0.4730812899389189,0.26926343245538464,0.15587311802444875,0.21897431740657608,0.21120695589614924,0.0,0.0,1.0
0.7863589535656287,0.8315904219351998,0.7325612290503143,0.668874684370103,0.44986616213871383,0.6064958059605453,0.49607044027030556,0.0,1.0,0.0
0.8100685474074589,0.7929615643398368,0.7290270473164113,0.679272688836269,0.4874091523809049,0.4268050429962444,0.5865435626810493,0.0,0.0,1.0
0.7940516447463737,0.8476763352724523,0.7777777777777778,0.6904127516842178,0.47111717458493524,0.6434998936660821,0.44246450955449,1.0,0.0,0.0
0.7934383122188297,0.8473010726075735,0.7777777777777778,0.6953308780123253,0.47608897757684693,0.6474307975926146,0.43744026745061854,1.0,0.0,0.0
0.4746637206291024,0.4915499278142091,0.6166835614709603,0.2846073492929873,0.18832974830325258,0.2556370731732654,0.16469394561982711,0.0,1.0,0.0
0.7315285879392628,0.7732731477505045,0.7164880073424921,0.5125979912869933,0.3747963661492152,0.5382481568627853,0.3212435233160622,0.0,0.0,1.0
0.40503086898314933,0.39538830633413846,0.5153515607329072,0.1754480470926938,0.12896597367500956,0.14761214554506086,0.12856369022444464,1.0,0.0,0.0
0.795698924731183,0.8421052631578949,0.7333333333333334,0.6807160661681397,0.45672877846790894,0.6158357771260996,0.5077720207253886,0.0,1.0,0.0
0.5161290322580645,0.605263157894737,0.8,0.38477226376614554,0.20952380952380956,0.35972629521016614,0.3264248704663213,0.0,0.0,1.0
0.3738325776190897,0.3731968017216022,0.5507509701609616,0.1645666474362661,0.11395017923899117,0.10487757995679353,0.12932375203682997,0.0,0.0,1.0
0.78494623655914,0.75,0.7777777777777778,0.5359166100158623,0.35900621118012427,0.6392961876832844,0.3160621761658031,1.0,0.0,0.0
0.9597532265416409,0.9699031803743411,0.7777777777777778,0.7841048653419055,0.6005105152502691,0.748299007074654,0.5608675605297432,1.0,0.0,0.0
0.4731182795698925,0.5263157894736843,0.5555555555555557,0.24903693632449586,0.18178053830227747,0.18475073313782991,0.21761658031088085,1.0,0.0,0.0
0.6451612903225805,0.75,0.8,0.5404486743711763,0.401656314699793,0.43890518084066465,0.383419689119171,0.0,1.0,0.0
0.5267135870242882,0.5793588528089788,0.47187880224706463,0.33726049277948666,0.19648048240816487,0.28755887634954985,0.2601205869825675,0.0,0.0,1.0
0.49814385863376315,0.5130991334171708,0.6591434776960551,0.3094721929209685,0.2202029418493309,0.2967273146814217,0.16752251146753883,0.0,1.0,0.0
0.7862696231942176,0.8305667757508188,0.7264185122062254,0.6659919970788062,0.447076921987835,0.6006825300813575,0.49718970615074254,0.0,1.0,0.0
0.806451612903226,0.7763157894736843,0.7333333333333334,0.5853161114887833,0.38302277432712223,0.5562072336265884,0.4196891191709845,1.0,0.0,0.0
0.78494623655914,0.736842105263158,0.6222222222222222,0.6186267845003401,0.45217391304347837,0.552297165200391,0.3523316062176166,0.0,0.0,1.0
0.817204301075269,0.7894736842105263,0.8222222222222223,0.682755495128031,0.3652173913043479,0.52297165200391,0.5906735751295337,0.0,0.0,1.0
0.817204301075269,0.8421052631578949,0.8444444444444444,0.5631089961477453,0.37681159420289856,0.5112414467253177,0.383419689119171,1.0,0.0,0.0
0.6852495072090908,0.7110372102059296,0.7324704894299856,0.46682087695065333,0.38156817638326734,0.46131286662432225,0.28834480942561735,1.0,0.0,0.0
0.806451612903226,0.855263157894737,0.7777777777777778,0.5909811919329255,0.370600414078675,0.5640273704789834,0.544041450777202,1.0,0.0,0.0
0.6123750290608174,0.6746352898277062,0.753372342340268,0.39549624839933556,0.31836694532918675,0.31701668529243077,0.27569857232885386,0.0,0.0,1.0
0.6800184927254525,0.7005489450456196,0.6754231116715331,0.43061964146402204,0.2829775234753592,0.3621409152668892,0.3229763744943466,1.0,0.0,0.0
0.31182795698924726,0.2894736842105263,0.48888888888888893,0.10355767051892137,0.05631469979296068,0.0527859237536657,0.09326424870466324,0.0,0.0,1.0
0.956989247311828,0.9342105263157896,0.8666666666666667,0.9141173804668028,0.5006211180124225,0.7204301075268817,0.9999999999999999,1.0,0.0,0.0
0.7862930448367984,0.7401382413111115,0.623613924109136,0.6164838852659013,0.4511366197116172,0.5550826095928209,0.3513581359858376,0.0,0.0,1.0
0.6129032258064515,0.6838914628948563,0.6439055817779794,0.3401033343368447,0.27228656773999393,0.29643873551535016,0.2341215062590956,1.0,0.0,0.0
0.6129032258064515,0.6578947368421053,0.6,0.3156582823476094,0.2645962732919255,0.25317693059628543,0.22797927461139902,1.0,0.0,0.0
0.78494623655914,0.8421052631578949,0.7777777777777778,0.7634262406526173,0.5449275362318842,0.7018572825024438,0.36787564766839387,1.0,0.0,0.0
0.721294363893476,0.7659677970336106,0.7217756897661486,0.5086079658007536,0.3700998531890731,0.5273161448138767,0.3212435233160622,0.0,0.0,1.0
0.8315620562977819,0.8026534349890267,0.7555740117685115,0.640161836181923,0.4026387764252296,0.5836004446024676,0.5164879268681326,1.0,0.0,0.0
0.3978494623655915,0.381578947368421,0.5111111111111112,0.1676863811466123,0.12339544513457561,0.14369501466275658,0.11917098445595856,1.0,0.0,0.0
0.4815826160877806,0.47916269794691224,0.5852747615507644,0.24524478739610242,0.18036172735633826,0.1897301251507134,0.17296845109612158,1.0,0.0,0.0
0.6989247311827957,0.75,0.7333333333333334,0.49988669839111727,0.35983436853002077,0.5034213098729228,0.3212435233160622,0.0,0.0,1.0
0.7666107149026516,0.7821341411699989,0.7366088498438512,0.542283751684773,0.39821683778590533,0.43816635179535135,0.4672496681025203,1.0,0.0,0.0
0.6451612903225805,0.6578947368421053,0.6222222222222222,0.3229095853161116,0.22318840579710147,0.21309872922776146,0.2901554404145078,1.0,0.0,0.0
0.8025415051535711,0.8241626313063436,0.8141413328729357,0.5563726824265466,0.3832486526857905,0.48858076211905743,0.40461616612514867,1.0,0.0,0.0
0.5209618352057871,0.5934355085753105,0.6501831086205989,0.3630788593719835,0.20356835545655383,0.3267753660211483,0.2961509908611573,0.0,0.0,1.0
0.7946356218068791,0.7763157894736843,0.7333333333333334,0.5724297731364281,0.3878005446399929,0.5210278055897376,0.43107655100476955,1.0,0.0,0.0
0.7888652922104962,0.7691827460829539,0.7777777777777778,0.5459513640001132,0.3611190933573772,0.6255794929035379,0.35760822726774477,1.0,0.0,0.0
0.827956989247312,0.8421052631578949,0.6666666666666667,0.5501926127351009,0.4190476190476191,0.6412512218963832,0.3212435233160622,0.0,0.0,1.0
0.7549615470212365,0.7700901884708553,0.722818984973,0.522648444504055,0.38271601404357963,0.4266107993606549,0.4358073990282122,1.0,0.0,0.0
0.7096774193548387,0.736842105263158,0.6666666666666667,0.43847722637661457,0.2881987577639752,0.418377321603128,0.300518134715026,1.0,0.0,0.0
0.6989247311827957,0.7105263157894737,0.6444444444444445,0.676184001812826,0.4173913043478261,0.5913978494623656,0.31088082901554415,0.0,0.0,1.0
0.812809653631266,0.8152169597176138,0.7990330875230808,0.5721850933162572,0.37935011726061457,0.52961906330933,0.39824308541992703,1.0,0.0,0.0
0.578130703037948,0.6034170161778619,0.6423658256224816,0.359393975770554,0.242439888504322,0.24393955363800668,0.30869989475933945,1.0,0.0,0.0
0.7634408602150538,0.7763157894736843,0.7333333333333334,0.538409245411285,0.4004140786749483,0.42815249266862165,0.46113989637305697,1.0,0.0,0.0
0.5268817204301075,0.5789473684210527,0.4666666666666667,0.3365057783820531,0.19627329192546583,0.2864125122189638,0.2590673575129534,0.0,0.0,1.0
0.4042503470020811,0.39388741538182115,0.5148906810869431,0.1746044587536331,0.12836053240096357,0.14718640628266,0.127542829868747,1.0,0.0,0.0
0.6881720430107527,0.7105263157894737,0.7333333333333334,0.47042828008157717,0.38550724637681166,0.46529814271749753,0.2901554404145078,1.0,0.0,0.0
1.0,1.0,0.7777777777777778,0.8348062542488104,0.6608695652173915,0.7966764418377321,0.5652849740932643,1.0,0.0,0.0
0.7204301075268817,0.7236842105263159,0.7777777777777778,0.5601631543167915,0.401656314699793,0.4066471163245356,0.4455958549222798,0.0,0.0,1.0
0.7869166499959726,0.7793657241015267,0.7994605935323268,0.635928589062228,0.36383896969113994,0.517965428685018,0.5216810736601614,0.0,0.0,1.0
0.6636477366561867,0.7159638004517915,0.7908166925703077,0.47227679118427307,0.36909952124266854,0.35273254196246157,0.34527052607820213,0.0,0.0,1.0
0.7943464583606858,0.8141344819413656,0.7972049028343061,0.5526077520236697,0.3868463291287789,0.4759156898027802,0.4164628917998377,1.0,0.0,0.0
0.7110092933090388,0.7198415099900903,0.7438215519888425,0.48588253836561257,0.37925340171265715,0.5063590573952239,0.29626903937173465,1.0,0.0,0.0
0.7325643533396338,0.7448544656898258,0.6898821547140844,0.5463212686082889,0.3959447269104898,0.5225347315529443,0.33340084790383134,0.0,0.0,1.0
0.8047444244133731,0.785295565011676,0.6426803496715965,0.5871259968233634,0.436925619292392,0.5932434173534641,0.3380215170690906,0.0,0.0,1.0
0.6236559139784945,0.7105263157894737,0.8,0.4103784273736688,0.34616977225672885,0.31476050830889535,0.27461139896373055,0.0,0.0,1.0
0.5698924731182797,0.5394736842105263,0.5777777777777777,0.33945162021300707,0.21366459627329193,0.3255131964809384,0.27979274611398963,0.0,0.0,1.0
0.6180555455911201,0.6515899244740241,0.6532406377749085,0.34497501694834076,0.2705486427325985,0.26020282121174254,0.24535834290061787,1.0,0.0,0.0
0.7947810147717093,0.8096277302501995,0.6666666666666667,0.5796969022041583,0.4512427386256823,0.5761056720170179,0.3468216839480295,0.0,0.0,1.0
