0,1,2,3,4,5,6,7,8,9,10,11,12,13,14,15,16,17,18,19,20,21,22,23,24,25,26,27,28,29,30,31,32,33
1,0,0.9170413987144314,0.3688755278244239,0.7109160826596453,0.6823083894087599,0.3118185406509492,0.9267860908187546,-0.0864198126005194,0.7956214204211017,-0.322506624590331,0.9086025659273234,-0.6546791264693521,0.7513512818691065,-0.896871818840024,0.4166961319358141,-0.9230493595169768,0.07721271530191487,-0.9440863235448668,-0.03397563517889605,-0.6389299800537566,-0.6402665537146628,-0.42614394976245035,-0.7634289178990555,-0.10881481833333013,-0.8474562170477616,0.20906344617816633,-0.8067968752879178,0.4811400655943875,-0.6535140973766149,0.6702908485174655,-0.41582122432665747,0.7246137018355213,-0.10275124581898606
1,0,1.0,0.04078,1.0,0.11982,1.0,0.16159,1.0,0.27921,0.98703,0.30889,0.92745,0.37639,0.91118,0.39749,0.81939,0.46059,0.78619,0.46994,0.794,0.56282,0.70331,0.58129,0.67077,0.59723,0.58903,0.6099,0.53952,0.60932,0.45312,0.63636,0.40442,0.62658
1,0,0.92247,-0.19448,0.96419,-0.17674,0.87024,-0.22602,0.81702,-0.2707,0.79271,-0.28909,0.70302,-0.49639,0.63338,-0.49967,0.37254,-0.70729,0.2707,-0.72109,0.40506,-0.54172,0.33509,-0.59691,0.1475,-0.63601,0.09312,-0.59589,-0.07162,-0.54928,-0.0184,-0.54074,-0.07457,-0.47898
1,0,0.8854916030388498,0.05757393836608746,0.896865083658269,0.012929786029531355,0.893463968651713,0.019327378810341817,0.8660333719630763,0.04777652299702363,0.8637316951212186,0.11192938482633309,0.880908936900648,0.03815725678512929,0.8759535306841235,0.04428314946567323,0.8246356821894054,0.024913869953465763,0.8968561703588119,0.009379580380327967,0.8588532247683989,0.062100528276015046,0.852432826907418,0.06782442162500246,0.8123082865994203,0.07486101146637367,0.838556237134603,0.07891140925879815,0.8695037445860359,0.08967351554131081,0.8233732548483552,0.08946829826290298,0.8153226664124273,0.09453889338326561
1,0,0.35346,-0.13768,0.69387,-0.02423,0.68195,-0.03574,0.55717,-0.06119,0.61836,-0.10467,0.62099,-0.06527,0.59361,-0.07289,0.42271,-0.26409,0.58213,0.04992,0.49736,-0.08771,0.46241,-0.08989,0.45008,-0.00564,0.39146,-0.09038,0.35588,-0.10306,0.32232,-0.08637,0.28943,-0.083
1,0,0.75564,0.49638,0.8355,0.54301,0.54916,0.72063,0.35225,0.70792,0.13469,0.94749,-0.09818,0.93778,-0.37604,0.82223,-0.52742,0.71161,-0.68358,0.67989,-0.70163,0.24956,-0.79147,0.02995,-0.98988,-0.29099,-0.70352,-0.32792,-0.63312,-0.19185,-0.34131,-0.60454,-0.19609,-0.62956
1,0,1.0,0.07354964916518704,0.9991258476909433,0.034838330763764164,0.9999923361989344,-0.052629302557732946,1.0,0.08593560257549213,0.9991770993605702,0.19449537829485336,0.9993155267673194,0.20237247822380303,0.9991796539609253,0.12760076680284244,0.9985464323978717,0.10713605438720807,0.9994796598401432,0.26914213218472843,0.9999513029307283,0.44271029307283466,0.9985285501953851,0.4134541516873977,0.9986695322024896,0.20071287072824073,0.9981515869804658,0.3653269252575534,0.954906774156308,0.482238018294858,0.9965391551687464,0.32445442408525854,0.9973773834103076,0.4646378864298455
1,0,0.9912971970342864,-0.007948161283234223,0.9725314018548933,-0.036838832655674086,1.0,-0.05801247226733419,0.9927899108115771,-0.013944178021221651,0.9691479575951492,-0.04563962478309219,0.9879390702938995,-0.08132282991646488,0.9965188788137146,-0.10895113667320963,0.9853319748073022,-0.11595463170679828,0.9772080052413357,-0.12044511457534517,0.9960231851820105,-0.1104585521384323,0.9734015303533337,-0.13437460639555904,0.9805903637530807,-0.143422933103666,0.9658181597950882,-0.1611353407497435,0.9396248431383454,-0.15879822903214894,0.968280485996205,-0.1872726038934326,0.9251263602369738,-0.20763456172566455
1,0,1.0,-0.08183,1.0,-0.11326,0.99246,-0.29802,1.0,-0.33075,0.96662,-0.34281,0.85788,-0.47265,0.91904,-0.4817,0.73084,-0.65224,0.68131,-0.63544,0.8245,-0.78316,0.58829,-0.74785,0.67033,-0.96296,0.48757,-0.85669,0.37941,-0.83893,0.24117,-0.88846,0.29221,-0.89621
1,0,0.83508,0.08298,0.73739,-0.14706,0.84349,-0.05567,0.90441,-0.04622,0.89391,0.1313,0.81197,0.06723,0.79307,-0.08929,1.0,-0.02101,0.96639,0.06618,0.87605,0.01155,0.77521,0.06618,0.95378,-0.04202,0.83479,0.00123,1.0,0.12815,0.8666,-0.10714,0.90546,-0.04307
1,0,0.9892501362402988,0.06045262365114728,0.991099013907122,0.13148948594352022,0.9890825559465749,0.2168286241964998,0.9946264417291143,0.30265889111941435,0.9804040945060187,0.37972938138701184,0.9622669617328147,0.42177433880866355,0.9134564532340179,0.47252647891850896,0.8476231904014583,0.5552115476229645,0.7400959546298959,0.6274023578968453,0.7345425595565703,0.6239548564230599,0.7099596590878339,0.6644998617599347,0.594925411720546,0.6689443510926422,0.5226983783357049,0.7338027966913031,0.4278149222320236,0.7635895342482809,0.3788673122542757,0.7584993627662752,0.2669619461117277,0.782764780381963
1,0,0.42893863960060946,-0.17500239287234723,0.6215506608295827,0.012954701799668551,0.4983750365814312,0.0663606650011773,0.6208166594048422,0.06929626651274176,0.3607940120372969,-0.1443203401728444,0.6218316370708153,0.08663308383059244,0.4825076527232067,0.00293560151156446,0.5653054226182029,0.038788563339646094,0.5582664431131226,-0.003810448709457563,0.7162565477701281,0.16867673405556513,0.39193072430738873,-0.11378494875679765,0.47869979595469075,0.056073573427262526,0.4970120590180847,0.04405456191490567,0.3800481877930509,-0.032148220751441026,0.4601972134304321,0.07765797272081829,0.46342787560188176,0.13684283862969732
1,0,0.6809654311005818,0.09962236286051923,0.777446451569513,0.03574228593290798,0.6464315651678424,0.09606894903286112,0.6149857325975349,-0.004863214229053745,0.7853085549499379,0.10951313330208251,0.590723862139972,0.030671720196375096,0.6166080370227112,0.11336416094336388,0.7822002193966715,-0.15815932477172379,0.7399116867317694,-0.10092563587185656,0.48603746093297817,-0.006079279714363506,0.6234345995301145,0.0788863086872679,0.6645814965196473,-0.12151811870980779,0.6394265833462922,-0.017721234486339915,0.7692606023741289,0.024153542150750724,0.6102976310000926,-0.060568560056363796,0.5005771461905311,-0.028572446067866797
1,0,0.6177599363455757,-0.0383483125175343,0.5845206516891874,-0.0001801714306216562,0.6078539839595741,-0.08692390419784746,0.6356601748804388,0.0120579133174352,0.6105074743261856,-0.08011891318531433,0.6634684082316062,0.07560094238724051,0.6225359832793982,-0.08557257612433034,0.6652894306660192,0.09031069192074073,0.6648217787354264,-0.010607802947757816,0.5879703017733529,0.1043605756627235,0.4975745241373013,0.03327721579380031,0.6612648195819114,0.14292903317859434,0.6018860269607685,0.014573145042376862,0.49989299114628616,0.03258389200523343,0.611773716684392,-0.0076548208786513874,0.6075032528185743,-0.10792306167587595
1,0,1.0,0.16801,0.99352,0.16334,0.94616,0.33347,0.91759,0.2261,0.91408,0.37107,0.8425,0.46899,0.81011,0.49225,0.78473,0.48311,0.65091,0.56977,0.56553,0.58071,0.55586,0.6472,0.48311,0.55236,0.43317,0.69129,0.35684,0.76147,0.33921,0.66844,0.22101,0.78685
1,0,0.67547,0.04528,0.76981,-0.10566,0.77358,0.03774,0.66038,-0.04528,0.64528,0.01132,0.66792,-0.13962,0.72075,-0.02264,0.76981,0.08679,0.61887,-0.07925,0.75849,-0.23774,0.73962,-0.14717,0.84906,-0.15094,0.73886,-0.05801,0.66792,0.02264,0.86415,0.03774,0.73208,0.00755
1,0,1.0,-0.005844384117613635,1.0,0.028354228398935782,1.0,0.021688473146470932,1.0,0.06241921070671614,0.9789229467253299,0.05575345545425131,0.962057535298571,0.03419919049899259,1.0,0.08832932570109836,0.9894567623538865,0.028220598190166687,1.0,0.02692143739228381,0.9978894680672659,0.10892858931273683,0.9599470033658368,0.09336176070141772,1.0,0.08805148730111706,0.9998963578068746,0.09425483476340217,0.9915672942866206,0.08349626398138629,1.0,0.11525076309338217,1.0,0.10845079964970511
1,0,1.0,0.28046,1.0,0.02477,1.0,0.07764,1.0,0.04317,0.98762,0.33266,1.0,0.05489,1.0,0.04384,0.9575,-0.24598,0.84371,-0.08668,1.0,0.0415,0.99933,0.27376,1.0,-0.39056,0.96414,-0.02174,0.86747,0.2336,0.94578,-0.22021,0.80355,-0.07329
1,0,1.0,0.0507,1.0,0.10827,1.0,0.19498,1.0,0.28453,1.0,0.34826,1.0,0.38261,0.94575,0.42881,0.89126,0.50391,0.75906,0.58801,0.80644,0.59962,0.79578,0.62758,0.66643,0.63942,0.59417,0.69435,0.49538,0.72684,0.47027,0.71689,0.33381,0.75243
1,0,0.95113,0.00419,0.95183,-0.02723,0.93438,-0.0192,0.9459,0.01606,0.9651,0.03281,0.94171,0.0733,0.94625,-0.01326,0.97173,0.0014,0.94834,0.06038,0.9267,0.08412,0.93124,0.10087,0.9452,0.01361,0.93522,0.04925,0.93159,0.08168,0.94066,-0.00035,0.91483,0.04712
1,0,0.6442670665816564,0.01587697236426983,0.347405743663339,-0.023061218155133338,0.5295549292736134,0.035418209362880496,0.19580424915899464,0.12206977487563755,0.43321193477132386,0.04998537034994096,0.22380485183960375,0.05000089063835242,0.2951003593994694,0.002112009458533064,0.36471901870040946,0.00045689580497768664,0.31964234527299384,0.07448955636488935,0.2692291225888761,0.1223285574072043,0.23788644249878702,0.059509912894910366,0.22021129284234256,0.09830648205782459,0.19371815096036557,0.05776614555666375,0.17551024752398828,0.05670261912879115,0.1950035087697781,0.0021315549669595566,0.1706646398198218,0.07408957708044961
1,0,0.26667,-0.1,0.53333,0.0,0.33333,-0.13333,0.36667,0.11667,0.56667,0.01667,0.71667,0.08333,0.7,-0.06667,0.53333,0.2,0.41667,-0.01667,0.31667,0.2,0.7,0.0,0.25,0.13333,0.46214,0.05439,0.4,0.03333,0.46667,0.03333,0.41667,-0.05
1,0,1.0,-0.02401,0.9414,0.06531,0.92106,-0.23255,0.77152,-0.16399,0.52798,-0.20275,0.56409,-0.00712,0.34395,-0.27457,0.5294,-0.2178,0.45107,-0.17813,0.05982,-0.35575,0.02309,-0.52879,0.03286,-0.65158,0.1329,-0.53206,0.02431,-0.62197,-0.05707,-0.59573,-0.04608,-0.65697
1,0,1.0,-0.28428,1.0,-0.25346,0.94623,-0.35094,1.0,-0.30566,0.92736,-0.49057,0.90818,-0.44119,0.75723,-0.58899,0.69748,-0.58019,0.59623,-0.57579,0.68459,-0.70975,0.54465,-0.87327,0.49214,-0.73333,0.35504,-0.76054,0.26352,-0.78239,0.16604,-0.73145,0.13994,-0.7
1,0,0.8811,0.0,0.94817,-0.02744,0.93598,-0.0122,0.90244,0.01829,0.90244,0.01829,0.93902,0.00915,0.95732,0.00305,1.0,0.02744,0.94207,-0.0122,0.90854,0.02439,0.91463,0.05488,0.99695,0.04878,0.89666,0.02226,0.90854,0.00915,1.0,0.05488,0.97561,-0.0122
1,0,0.7479,0.0084,0.83312,0.01659,0.82638,0.02469,0.86555,0.01681,0.60504,0.05882,0.79093,0.04731,0.77441,0.05407,0.64706,0.19328,0.84034,0.04202,0.71285,0.07122,0.68895,0.07577,0.66387,0.08403,0.63728,0.08296,0.61345,0.01681,0.58187,0.08757,0.5533,0.08891
1,0,0.9891555985734403,-0.020098028099342774,0.9887830809671844,-0.010551730449042347,0.9856018988693168,-0.05466857143417989,0.9760347006642058,-0.04819591554493475,0.9941106740344311,-0.07457421270537917,0.9053606339037297,-0.08690656947475589,0.9337840015088272,-0.10259315901486246,0.8398023568871544,-0.09864815899523285,0.7398019543631049,-0.19676955481745081,0.9098614788077153,-0.23178719050393798,0.8404796454256026,-0.24017389071754702,0.8703406363530097,-0.25880429814015643,0.7801860866107854,-0.2442114838240529,0.7631775553858253,-0.2987682694724392,0.6769272160174779,-0.24398351355000059,0.7018856842045137,-0.30271623978575074
1,0,0.9604620313772767,0.06344314711027761,0.9461067339301618,0.12526028952252907,0.9188813450695099,0.18389888983179833,0.8672421299609463,-0.4589382504078662,0.8586276840977399,0.6017249935843205,0.7836850462258085,0.32759916709022197,0.7251872782590636,0.36148947755589556,0.662542197317099,0.38741086752950726,0.8925566361917182,0.5456432291810951,0.5312554940472006,0.41506947038576286,0.4656652269767224,0.41731097781002874,0.40194342285979484,0.41256481736012585,0.34123661440334774,0.4015799330182468,0.7941686842633926,0.8674939280309396,0.23235449368869399,0.3645748199071122,0.18537342899184758,0.34051712854281263
1,0,0.79847,0.38265,0.80804,-0.16964,1.0,-0.07653,0.98151,-0.07398,0.70217,0.20663,0.99745,0.02105,0.98214,0.02487,1.0,-0.13074,0.95663,0.07717,1.0,0.00191,0.90306,0.30804,1.0,-0.14541,1.0,-0.00394,0.75638,0.07908,1.0,-0.1875,1.0,-0.0574
1,0,0.60678,-0.02712,0.67119,0.04068,0.52881,-0.04407,0.50508,0.03729,0.70508,-0.07797,0.57966,-0.02034,0.5322,0.07797,0.64068,0.11864,0.56949,-0.02373,0.5322,0.00678,0.71525,-0.0339,0.52881,-0.0339,0.57262,0.0075,0.58644,-0.00339,0.58983,-0.02712,0.50169,0.0678
1,0,0.90608,-0.01657,0.98122,-0.01989,0.95691,-0.03646,0.85746,0.0011,0.89724,-0.03315,0.89061,-0.01436,0.90608,-0.0453,0.91381,-0.00884,0.80773,-0.12928,0.88729,0.01215,0.92155,-0.0232,0.9105,-0.02099,0.89147,-0.0776,0.82983,-0.17238,0.96022,-0.03757,0.87403,-0.16243
1,0,0.29073,0.10025,0.23308,0.17293,0.03759,0.34336,0.1203,0.26316,0.06266,0.21303,-0.04725,0.12767,-0.06333,0.07907,-0.06328,0.04097,-0.05431,0.01408,-0.04166,-0.0028,-0.02876,-0.01176,-0.01755,-0.01505,-0.00886,-0.01475,-0.0028,-0.0125,0.00096,-0.00948,0.0029,-0.00647
1,0,0.87048,0.38027,0.64099,0.69212,0.31347,0.86625,-0.03933,0.9074,-0.42173,0.79346,-0.70561,0.5156,-0.81049,0.22735,-0.81136,-0.12539,-0.67474,-0.38102,-0.38334,-0.62861,-0.13013,-0.70762,0.15552,-0.66421,0.38544,-0.51568,0.52573,-0.29897,0.56239,-0.05938,0.5146,0.16645
1,0,0.9640637796238866,0.09965774517205132,0.6897578578629384,-0.10939447279308558,0.7957273668215064,0.0804186142358733,0.7039562727040652,0.011222078194976877,0.5676693881249171,-0.07749564172839558,0.6887517254212658,0.12017944742134858,0.5904445432114175,0.028010558644704857,0.5450280665489913,-0.022174581166474534,0.6923036591183908,0.15276713952709933,0.7136783189279997,0.0748740310747272,0.33784618815895484,0.05619335949301897,0.5452545731057495,0.3515775346554043,0.5017509925484545,0.16430926024074766,0.1863422785741885,0.29776898378734445,0.45819454769299317,0.1700215508650043,0.5666360965633259,0.12859053506254253
1,0,1.0,0.8162257692055566,0.8933783167438868,0.8974398778416532,0.6363382322431048,1.0,0.001768582979785549,0.8889973070204533,-0.6074496068535591,1.0,-0.8809768647403134,0.8693226943432111,-1.0,0.5412461827363062,-0.6522915798409329,-0.5826672959811662,-0.988060607615695,-0.42491241860292156,-0.8464535954092987,-0.8650272512159385,-0.44186076240193306,-0.9856875606821686,0.6226304153312614,-1.0,0.6678761092216884,-0.961757435955862,0.5765765511181042,-1.0,0.9633204524457328,-0.34991757970281295,0.9932459433430401,0.16933629647644863
1,0,0.88085,0.35232,0.68389,0.65128,0.34816,0.79784,0.05832,0.90842,-0.29784,0.8649,-0.62635,0.6959,-0.77106,0.39309,-0.85803,0.08408,-0.81641,-0.24017,-0.64579,-0.50022,-0.39766,-0.68337,-0.11147,-0.75533,0.17041,-0.71504,0.40675,-0.57649,0.56626,-0.36765,0.62765,-0.13305
1,0,0.93972,0.28082,0.80486,0.52821,0.58167,0.73151,0.34961,0.80511,0.10797,0.90403,-0.20015,0.89335,-0.3973,0.82163,-0.58835,0.62867,-0.76305,0.40368,-0.81262,0.18888,-0.81317,-0.04284,-0.75273,-0.26883,-0.63237,-0.46438,-0.46422,-0.61446,-0.26389,-0.70835,-0.08937,-0.71273
1,0,0.51207,1.0,1.0,0.5381,0.71178,0.80833,0.45622,0.46427,0.33081,1.0,0.21249,1.0,-0.17416,1.0,-0.33081,0.98722,-0.61382,1.0,-0.52674,0.71699,-0.885,0.47894,-1.0,0.35175,-1.0,0.09569,-1.0,-0.16713,-1.0,-0.42226,-0.91903,-0.65557
1,0,0.81143,0.03714,0.85143,-0.00143,0.79,0.00714,0.79571,-0.04286,0.87571,0.0,0.85571,-0.06714,0.86429,0.00286,0.82857,-0.05429,0.81,-0.11857,0.76857,-0.08429,0.84286,-0.05,0.77,-0.06857,0.81598,-0.08669,0.82571,-0.10429,0.81429,-0.05,0.82143,-0.15143
1,0,0.89706,0.38235,0.91176,0.375,0.74265,0.67647,0.45588,0.77941,0.19118,0.88971,-0.02206,0.86029,-0.20588,0.82353,-0.375,0.67647,-0.5,0.47794,-0.73529,0.38235,-0.86029,0.08824,-0.74265,-0.125,-0.67925,-0.24131,-0.55147,-0.42647,-0.44118,-0.50735,-0.28676,-0.56618
1,0,0.9119023462858821,0.34974550585161923,0.6898714757518427,0.6873787350950724,0.3963977779052954,0.8670079934832633,-0.024474791606892775,0.9199078273345783,-0.34398026770383267,0.8443350124014615,-0.6099843698247811,0.6016016492398809,-0.8050641095485831,0.3399633805810095,-0.7985365697248632,-0.013455066826641549,-0.7096234274902735,-0.2955953619416975,-0.5200082564560432,-0.5654691193417443,-0.2580107714106291,-0.6785565126913827,0.03384792150623211,-0.7095830752975963,0.279536453182024,-0.604174870967418,0.4740697666936181,-0.4202685689463874,0.5637110166991357,-0.19002843259652247,0.569729422016857,0.03979702364925095
1,0,1.0,0.0,1.0,0.0,0.5,0.5,0.75,0.0,0.91201,0.12094,0.89067,0.1421,0.86922,0.16228,0.75,0.25,0.75,0.5,0.75,0.0,1.0,-0.25,0.5,0.5,0.73944,0.26388,0.75,0.25,0.69635,0.29074,0.67493,0.30293
1,0,0.9994490565371588,0.16685812970367894,0.9931550509952249,0.16375465077895926,0.9463585255002827,0.3326398536527186,0.918474916857643,0.2278518115422108,0.9142854246134131,0.37236168293588184,0.842783708427709,0.4697810044401335,0.8103647039929158,0.49359729823560644,0.7839934844737739,0.4860321264062886,0.6514608026646141,0.5720457217454391,0.5652371396875262,0.5822234401436444,0.5548396352478379,0.6488159412530102,0.48202641684384706,0.5550989479127654,0.4317738447795722,0.6933550875976214,0.35532782704039995,0.7628658736239734,0.33637080374950323,0.6712546973589726,0.21917216074100004,0.7879200665263465
1,0,0.94631,0.17498,0.90946,0.33143,0.85096,0.4996,0.73678,0.63842,0.59215,0.73838,0.48698,0.83614,0.30459,0.90665,0.17959,0.93429,-0.00701,0.93109,-0.1888,0.89383,-0.33023,0.82492,-0.46534,0.76482,-0.58563,0.66335,-0.67929,0.52564,-0.75321,0.42488,-0.8121,0.26092
1,0,0.87578,0.03727,0.89951,0.00343,0.8921,0.0051,0.86335,0.0,0.95031,0.07453,0.87021,0.00994,0.86303,0.01151,0.83851,-0.06211,0.85714,0.02484,0.84182,0.01603,0.83486,0.01749,0.79503,-0.04348,0.82111,0.02033,0.81988,0.08696,0.80757,0.02308,0.80088,0.02441
1,0,0.95217,0.06595,0.93614,0.1303,0.90996,0.19152,0.84881,-0.49962,0.90023,0.6132,0.77937,0.34328,0.72254,0.37988,0.66145,0.40844,0.95472,0.59862,0.53258,0.44088,0.46773,0.44511,0.4044,0.44199,0.34374,0.43221,0.9033,1.0,0.23405,0.3962,0.18632,0.37191
1,0,0.87111,0.04326,0.79946,0.18297,0.99009,0.29292,0.89455,-0.08337,0.88598,-0.02028,0.90446,-0.26724,0.8941,0.19964,0.88644,-0.04642,0.84452,-0.00991,0.97882,-0.34024,0.78954,-0.25101,0.86661,-0.09193,0.85967,-0.02908,0.78774,-0.04101,0.75935,0.21812,0.88238,0.09193
1,0,1.0,0.05149,0.99363,0.10123,0.96142,0.14756,0.95513,-0.26496,0.66026,0.54701,0.80426,0.25283,0.73781,0.2738,0.66775,0.28714,0.59615,0.29304,0.52494,0.292,0.45582,0.28476,0.39023,0.27226,0.3293,0.25553,0.27381,0.23568,0.22427,0.21378,0.18086,0.19083
1,0,0.9221775844724927,0.15909213577460757,0.8634745722772648,0.30722134240694554,0.7263054028068477,0.38284073175579175,0.6889275988797463,0.590043043255191,0.5626918761070988,0.6475452249208359,0.42074007517148293,0.7586348542335024,0.2902927957915981,0.7034269550495269,0.1600340708664183,0.782178283007101,0.011704159597514002,0.7645156615845977,-0.16055979372330115,0.7683955925150726,-0.22583739611996467,0.7033584416553629,-0.3326913455000422,0.6373603024654494,-0.42389313550320384,0.5562039974323351,-0.49753451723329056,0.463290116232024,-0.5524173912894683,0.3621742028613929,-0.5753624981566451,0.3014072207347582
1,0,0.9400558573483595,0.04672344514666531,0.9699799086171659,-0.0019845877516254575,0.9558907386285739,0.023754375521923065,0.9482201096599889,0.04508103231472442,0.947734914998414,0.09180853582047181,0.9003139553166837,0.08023480155694465,0.9287306307017633,0.05172260457862481,0.8824243774126632,0.07929522191974575,0.8986643589779466,0.05304470166577984,0.8450974877495794,0.09986552868351581,0.8550335338509508,0.11842365690368264,0.8225091627407548,0.12425719170000354,0.8234619669441475,0.11831167436092874,0.8238102985705626,0.12837948998754334,0.8023462367451236,0.13696125951278645,0.7607359156432406,0.1150740646615493
1,0,1.0,0.05812,0.94525,0.07418,0.99952,0.13231,1.0,-0.01911,0.94846,0.07033,0.95713,0.14644,0.94862,0.11224,0.90896,0.20119,0.96741,0.16265,0.99695,0.14258,0.90784,0.1641,0.91667,0.22431,0.88423,0.23571,0.88568,0.22511,0.78324,0.29576,0.83574,0.31166
1,0,0.47938,-0.12371,0.42784,-0.12371,0.70103,-0.39175,0.73196,0.07216,0.26289,-0.21649,0.49485,0.15979,0.45361,-0.11856,0.42268,0.06186,0.5,-0.2732,0.54639,0.18557,0.42268,0.08247,0.70619,0.19588,0.53396,-0.12447,0.15464,-0.26289,0.47423,0.04124,0.45361,-0.51546
1,0,0.58459,-0.35526,1.0,0.35338,0.75376,-0.00564,0.82519,0.19361,0.50188,-0.27632,0.65977,0.06391,0.69737,0.14662,0.72368,-0.42669,0.76128,0.04511,0.66917,0.20489,0.84774,-0.40977,0.6485,-0.04699,0.56836,-0.10571,0.5282,-0.13346,0.15602,-0.12218,0.44767,-0.10309
1,0,0.90547,0.41113,0.65354,0.74761,0.29921,0.95905,-0.13342,0.9782,-0.52236,0.83263,-0.79657,0.55086,-0.96631,0.15192,-0.93001,-0.25554,-0.71863,-0.59379,-0.41546,-0.85205,-0.0225,-0.93788,0.36318,-0.85368,0.67538,-0.61959,0.85977,-0.28123,0.88654,0.098,0.75495,0.46301
1,0,0.19466,0.05725,0.04198,0.25191,-0.10557,0.48866,-0.18321,-0.18321,-0.41985,0.06107,-0.4542,0.0916,-0.16412,-0.30534,-0.10305,-0.39695,0.18702,-0.17557,0.34012,-0.11953,0.28626,-0.16031,0.21645,0.24692,0.03913,0.31092,-0.03817,0.26336,-0.16794,0.16794,-0.30153,-0.33588
1,0,0.8345124611361889,0.12872563086473116,0.7388317941165135,-0.06474801107520399,0.8710181797382175,0.07930991671950961,0.8724922143801994,-0.08800824030175185,0.7769304250633243,0.06271250069692383,0.7965031842175468,-0.013492461776806686,0.7873489726846,-0.01142742772389509,0.8511984481826689,-0.03597376654036186,0.853157161038645,-0.03838434401849368,0.8129126751880695,-0.10537604761001443,0.7121908975725036,0.02992377584185202,0.8635251448950412,-0.15112533177315876,0.8061447002452874,-0.04893800970387875,0.7736981095303617,-0.0048539685481018766,0.765294032197118,-0.05911438465276737,0.8484312871890688,-0.05644506127171943
1,0,0.99025,-0.05785,0.99793,-0.13009,0.98663,-0.1943,0.99374,-0.25843,0.92738,-0.3013,0.92651,-0.37965,0.89812,-0.43796,0.84922,-0.52064,0.87433,-0.57075,0.79016,-0.59839,0.74725,-0.64615,0.68282,-0.68479,0.65247,-0.73174,0.6101,-0.75353,0.54752,-0.80278,0.49195,-0.83245
1,0,1.0,-0.41457,1.0,0.76131,0.8706,0.18593,1.0,-0.09925,0.93844,0.4799,0.65452,-0.1608,1.0,0.00879,0.97613,-0.50126,0.80025,-0.24497,0.88065,-0.19095,1.0,-0.12312,0.93593,0.10678,0.9289,-0.07249,1.0,-0.27387,0.4397,0.19849,0.51382,-0.05402
1,0,0.95704,-0.12095,0.63318,-0.1269,0.96365,-0.18242,0.97026,0.0846,0.92003,-0.01124,0.83543,-0.24719,1.0,-0.31395,0.99273,-0.21216,0.98678,-0.21018,1.0,-0.27165,0.93126,-0.39458,1.0,-0.19233,0.88793,-0.31565,0.81428,-0.23728,0.89095,-0.31857,0.69531,-0.41573
1,0,0.5894,-0.60927,0.8543,0.55298,0.81126,0.07285,0.56623,0.16225,0.32781,0.24172,0.50331,0.12252,0.63907,0.19868,0.71854,0.42715,0.54305,0.13907,0.65232,0.27815,0.68874,0.07285,0.51872,0.26653,0.49013,0.27687,0.46216,0.28574,0.43484,0.29324,0.40821,0.29942
1,0,0.45455,0.09091,0.63636,0.09091,0.27273,0.18182,0.63636,0.0,0.36364,-0.09091,0.45455,-0.09091,0.48612,-0.01343,0.63636,-0.18182,0.45455,0.0,0.36364,-0.09091,0.27273,0.18182,0.36364,-0.09091,0.34442,-0.01768,0.27273,0.0,0.36364,0.0,0.28985,-0.01832
1,0,0.90374,-0.01604,1.0,0.08021,1.0,0.01604,0.93048,0.00535,0.93583,-0.01604,1.0,0.0,1.0,0.06417,1.0,0.04813,0.91444,0.04278,0.96791,0.02139,0.9893,-0.01604,0.96257,0.05348,0.96974,0.04452,0.87701,0.0107,1.0,0.09091,0.97861,0.06417
1,0,1.0,-0.15158628996173631,1.0,-0.10144310794301972,0.9999907369912149,-0.14640719031018756,1.0,-0.1863788121846776,0.9449314127723814,-0.33376472552844416,0.9604932675314057,-0.30500176274906465,0.9418190418205765,-0.33026751312536906,0.9431192267504853,-0.28384435280976567,0.8986696641887291,-0.42730836473964623,0.8645940003639958,-0.47069509642869195,0.8395046861519498,-0.5089911402504712,0.8391741973800044,-0.46638425443142806,0.7669987522743931,-0.5718056987832694,0.6646448686127719,-0.6654153375000349,0.6957878549152436,-0.6277102165093686,0.6543650144255199,-0.6559083759157567
1,0,1.0,0.14286,1.0,0.71429,1.0,0.71429,1.0,-0.14286,0.85714,-0.14286,1.0,0.02534,1.0,0.0,0.42857,-0.14286,1.0,0.03617,1.0,-0.28571,1.0,0.0,0.28571,-0.28571,1.0,0.04891,1.0,0.05182,1.0,0.57143,1.0,0.0
1,0,1.0,-0.15899,0.72314,0.27686,0.83443,-0.58388,1.0,-0.28207,1.0,-0.49863,0.79962,-0.12527,0.76837,0.14638,1.0,0.39337,1.0,0.2659,0.96354,-0.01891,0.92599,-0.91338,1.0,0.14803,1.0,-0.11582,1.0,-0.11129,1.0,0.53372,1.0,-0.57758
1,0,0.97905,0.1581,0.90112,0.35237,0.82039,0.48561,0.7176,0.64888,0.58827,0.73743,0.40349,0.83156,0.2514,0.84804,0.047,0.85475,-0.12193,0.79749,-0.2618,0.80754,-0.37835,0.71676,-0.51034,0.58324,-0.57587,0.4604,-0.61899,0.30796,-0.65754,0.18345,-0.64134,0.02968
1,0,0.94333,0.38574,0.48263,0.64534,0.21572,0.77514,-0.55941,0.64899,-0.73675,0.42048,-0.76051,0.0,-0.62706,-0.31079,-0.38391,-0.62157,-0.12797,-0.69287,0.49909,-0.6362,0.71481,-0.3766,0.73857,-0.05484,0.60098,0.30384,0.45521,0.60512,0.02742,0.54479,-0.21572,0.50457
1,0,0.98166,0.00874,0.98103,-0.03818,0.97565,-0.05699,0.95947,-0.06971,0.99004,-0.04507,0.94713,-0.11102,0.93369,-0.1279,0.94217,-0.11583,0.79682,-0.192,0.88274,-0.17387,0.86257,-0.18739,0.88487,-0.19689,0.81813,-0.21136,0.78546,-0.23864,0.76911,-0.23095,0.74323,-0.23902
1,0,0.76627,0.21106,0.63935,0.38112,0.48409,0.525,0.15,0.22273,0.13753,0.59565,-0.07727,0.44545,0.0,0.48636,-0.27491,0.42014,-0.56136,0.36818,-0.36591,0.18864,-0.40533,0.07588,-0.38483,-0.03229,-0.33942,-0.12486,-0.2754,-0.19714,-0.19962,-0.24648,-0.11894,-0.27218
1,0,0.4375,0.04167,0.58333,-0.10417,0.39583,0.0,0.33333,-0.0625,0.47917,0.0,0.29167,0.10417,0.54167,0.02083,0.4375,-0.22917,0.35417,-0.22917,0.33333,0.08333,0.25,0.1875,0.39583,-0.1875,0.44012,-0.10064,0.41667,-0.08333,0.58333,-0.3125,0.33333,-0.0625
1,0,0.9692470726180763,0.11328586813177986,0.9515742958610716,0.1973852492549882,0.9162925094400535,0.30362943286153027,0.9255944557215081,0.3363093282616547,0.8842533040967653,0.4563511556046137,0.7778655266256007,0.52375561020289,0.7500504109528162,0.5880978289043985,0.6432223876449186,0.6774652161402452,0.567809724570763,0.7147551209284312,0.48264253714660593,0.684187503622791,0.4041720306768876,0.7584795530758016,0.32248246964134425,0.7561229909073145,0.23331515899373273,0.8060603502840648,0.14353073480610412,0.8264825345950546,0.03607601447174004,0.8129095621587751,-0.0269022124751742,0.7897448655510926
1,0,0.88116,0.27475,0.72125,0.42881,0.61559,0.63662,0.38825,0.90502,0.09831,0.96128,-0.20097,0.892,-0.35737,0.775,-0.65114,0.6221,-0.78768,0.45535,-0.81856,0.19095,-0.83943,-0.08079,-0.78334,-0.26356,-0.67557,-0.45511,-0.54732,-0.60858,-0.30512,-0.667,-0.19312,-0.75597
1,0,1.0,0.06538,1.0,0.20746,1.0,0.26281,0.93051,0.32213,0.86773,0.39039,0.75474,0.50082,0.79555,0.52321,0.65954,0.60756,0.57619,0.62999,0.47807,0.67135,0.40553,0.6884,0.34384,0.72082,0.27712,0.72386,0.19296,0.70682,0.11372,0.72688,0.0699,0.71444
1,0,1.0,-0.16316,1.0,-0.10169,0.99999,-0.15197,1.0,-0.19277,0.94055,-0.35151,0.95735,-0.29785,0.93719,-0.34412,0.94486,-0.28106,0.90137,-0.43383,0.86043,-0.47308,0.82987,-0.5122,0.8408,-0.47137,0.76224,-0.5837,0.65723,-0.68794,0.68714,-0.64537,0.64727,-0.67226
1,0,0.83789,0.42904,0.72113,0.58385,0.45625,0.78115,0.1647,0.82732,-0.13012,0.86947,-0.46177,0.78497,-0.59435,0.5207,-0.7847,0.26529,-0.84014,0.03928,-0.62041,-0.31351,-0.47412,-0.48905,-0.37298,-0.67796,-0.05054,-0.62691,0.1469,-0.45911,0.37093,-0.39167,0.48319,-0.24313
1,0,1.0,-0.14980526744739533,1.0,-0.10140511491307166,0.9999908504032446,-0.14555115631004456,1.0,-0.18539530306315666,0.9456056472889223,-0.33103399067743156,0.9609769698380578,-0.3061023130852315,0.9425313827790951,-0.328135820615209,0.9428513475363441,-0.28427282345795596,0.8982541225119242,-0.42630478168886915,0.8652347783317764,-0.47032809510059675,0.8409873216161615,-0.5084973442731762,0.8389240104424958,-0.4656170220505368,0.7677310537501381,-0.5699753420360107,0.6657859070435402,-0.6619491256364457,0.6971186316716927,-0.6249926374538007,0.6554568320354002,-0.6533921032128986
1,0,1.0,0.11385,0.70019,-0.12144,0.81594,0.09677,0.71157,0.01139,0.56167,-0.0778,0.6907,0.12524,0.58634,0.03985,0.53131,-0.03416,0.6945,0.16888,0.72676,0.07211,0.32068,0.05882,0.53321,0.37381,0.4909,0.17951,0.1518,0.32448,0.44141,0.18897,0.56167,0.1518
1,0,0.867796839247873,0.10861156692427593,0.8443009404327685,0.20411695184364226,0.7838775663263176,0.2971508730541537,0.7707825405653668,0.37886504144604616,0.7365318781512441,0.48189233676300863,0.6357217636315344,0.5745283858488203,0.5738081396294095,0.5859276500945712,0.43281444395367197,0.6747956925558802,0.3718487976627254,0.6624717417275008,0.2325091071373708,0.6812567220138704,0.15157191757850458,0.735702195253915,0.05271944097291614,0.6831615940852777,-0.006010777552567043,0.6772764425003286,-0.08090108431291958,0.6563903357594858,-0.1662882127121093,0.6194643469571892,-0.20620617570016248,0.5498762180133336
1,0,0.21429,-0.09524,0.33333,0.07143,0.19048,0.19048,0.2381,0.09524,0.40476,0.02381,0.30952,-0.04762,0.30952,-0.04762,0.28571,-0.11905,0.33333,0.04762,0.30952,0.0,0.21429,-0.11905,0.35714,-0.04762,0.22109,-0.0229,0.19048,0.0,0.16997,-0.02034,0.14694,-0.01877
1,0,0.61857,0.1085,0.70694,-0.06935,0.70358,0.01678,0.74273,0.00224,0.71029,0.15772,0.71588,-0.00224,0.79754,0.066,0.83669,-0.16555,0.6868,-0.0906,0.62528,-0.01342,0.60962,0.11745,0.71253,-0.09508,0.69845,-0.01673,0.63311,0.0481,0.78859,-0.05145,0.65213,-0.04698
1,0,0.9429676809465652,0.17950700406311032,0.811610320126767,0.4226518329567648,0.7231925028857774,0.5503637028610063,0.5328229483989715,0.7920432362145567,0.3720812979566976,0.8747487525344803,0.16640877625581202,0.9104318633149827,-0.04397441605682574,0.8462641609176058,-0.2329072202542622,0.8972243952411263,-0.4161805475434726,0.7956637738027003,-0.5854177030801164,0.5689116385339807,-0.6829013445419474,0.42652616775138413,-0.7763258308577274,0.2778946585573856,-0.7815532009024878,0.10872164148724038,-0.7786980792870245,-0.05585958521020726,-0.6917167080228583,-0.21007267949374903,-0.634312930584159,-0.36299125842114466
1,0,0.39394,-0.24242,0.62655,0.0127,0.45455,0.09091,0.63636,0.09091,0.21212,-0.21212,0.57576,0.15152,0.39394,0.0,0.56156,0.04561,0.51515,0.0303,0.78788,0.18182,0.30303,-0.15152,0.48526,0.05929,0.46362,0.06142,0.33333,-0.0303,0.41856,0.0641,0.39394,0.24242
1,0,0.80627,0.13069,0.73061,0.24323,0.64615,0.19038,0.36923,0.45577,0.44793,0.46439,0.25,0.57308,0.25192,0.37115,0.15215,0.51877,-0.09808,0.575,-0.03462,0.42885,-0.08856,0.44424,-0.14943,0.40006,-0.1994,0.34976,-0.23832,0.29541,-0.26634,0.23896,-0.23846,0.31154
1,0,0.74468,0.10638,0.88706,0.00982,0.88542,0.01471,0.87234,-0.01418,0.7305,0.10638,0.87657,0.02912,0.87235,0.03382,0.95745,0.07801,0.95035,0.04255,0.85597,0.04743,0.84931,0.05178,0.87234,0.11348,0.83429,0.06014,0.74468,-0.03546,0.8171,0.068,0.80774,0.07173
1,0,0.7087,-0.24783,0.64348,0.04348,0.45217,0.38261,0.65217,0.18261,0.5,0.26957,0.57826,-0.23043,0.50435,0.37826,0.38696,-0.42609,0.36087,-0.26087,0.26957,0.11739,0.53246,-0.03845,0.31304,-0.12174,0.4993,-0.04264,0.48348,-0.04448,0.64348,-0.25217,0.50435,0.14783
1,0,1.0,0.16195,1.0,-0.05558,1.0,0.01373,1.0,-0.12352,1.0,-0.01511,1.0,-0.01731,1.0,-0.06374,1.0,-0.07157,1.0,0.059,1.0,-0.10108,1.0,-0.02685,1.0,-0.22978,1.0,-0.06823,1.0,0.08299,1.0,-0.14194,1.0,-0.07439
1,0,0.92657,0.04174,0.89266,0.15766,0.86098,0.19791,0.83675,0.36526,0.80619,0.40198,0.76221,0.40552,0.66586,0.4836,0.60101,0.51752,0.53392,0.5218,0.48435,0.54212,0.42546,0.55684,0.3334,0.55274,0.26978,0.54214,0.22307,0.53448,0.14312,0.49124,0.11573,0.46571
1,0,0.8842,0.36724,0.67123,0.67382,0.39613,0.86399,0.02424,0.93182,-0.35148,0.83713,-0.60316,0.58842,-0.78658,0.38778,-0.83285,-0.00642,-0.69318,-0.32963,-0.52504,-0.53924,-0.27377,-0.68126,0.00806,-0.69774,0.26028,-0.60678,0.44569,-0.43383,0.54209,-0.21542,0.56286,0.02823
1,0,0.47337,0.19527,0.06213,-0.18343,0.62316,0.01006,0.45562,-0.04438,0.56509,0.01775,0.44675,0.27515,0.71598,-0.03846,0.55621,0.12426,0.4142,0.11538,0.52767,0.02842,0.51183,-0.10651,0.47929,-0.02367,0.46514,0.03259,0.5355,0.25148,0.31953,-0.14497,0.34615,-0.00296
1,0,0.95659,0.08143,0.97487,-0.05667,0.97165,-0.08484,0.96097,-0.06561,0.94717,0.01279,0.95436,-0.16795,0.94612,-0.19497,0.9963,-0.32268,0.90343,-0.35902,0.91428,-0.27316,0.9014,-0.29807,0.99899,-0.40747,0.87244,-0.34586,0.92059,-0.30619,0.83951,-0.39061,0.82166,-0.41173
1,0,1.0,-0.24051,1.0,-0.20253,0.87342,-0.10127,0.88608,0.01266,1.0,0.11392,0.92405,0.06329,0.8481,-0.03797,0.63291,-0.36709,0.87342,-0.01266,0.93671,0.06329,1.0,0.25316,0.62025,-0.37975,0.84637,-0.0554,1.0,-0.06329,0.53165,0.02532,0.83544,-0.02532
1,0,0.8533057585786213,0.05392931876112419,0.7865159969378096,-0.05863696362100862,0.8161159524309078,0.007344592363345746,0.8613903773820436,0.01854749310431021,0.8328528477455835,0.09866163106034437,0.851336058075986,-0.03842797687561525,0.7870553821712167,0.017065343228877188,0.8452708223262371,-0.059160004244239596,0.8499254084960653,-0.09971771230680632,0.8559485303888038,-0.030271802716793868,0.828044334448966,0.03091153608347908,0.823655137503283,-0.071469189086159,0.8189459430830176,-0.041300518699860754,0.8420589995933401,-0.04162740650069621,0.7465161707739929,-0.038134315177045935,0.817266278253121,-0.07986719033734493
1,0,0.9533210557364659,0.7768564028941674,0.45732124965229803,0.3439084390499871,0.1563041365989463,0.9343326388915224,-0.2621062767219449,0.931805846428793,-0.43767932181924485,0.5094196232819023,-0.868962337428865,0.35645260279129676,-0.9267022104190296,-0.07473463122358415,-0.540952455586689,-0.3837080437681639,-0.46709162844233876,-0.7886842823179402,-0.07321539154569895,-0.8910264320468019,0.2591926900595884,-0.4300139648881577,0.6675994992432945,-0.49883019921028676,0.8020959865182871,-0.13781704482926377,0.8913207085677197,0.6430231587541032,0.46357158514323815,0.15515673426331103,0.24467431875321105,0.7104969247670194
1,0,1.0,0.23058,1.0,-0.78509,1.0,-0.10401,1.0,0.15414,1.0,0.2782,0.9812,-0.06861,1.0,0.0661,0.95802,-0.18954,0.83584,-0.15633,0.974,0.03728,0.99624,0.09242,1.0,-0.01253,0.96238,-0.04597,0.91165,0.03885,1.0,-0.13722,0.96523,-0.11717
1,0,1.0,0.24168,1.0,0.4859,1.0,0.72973,1.0,1.0,1.0,1.0,1.0,1.0,1.0,0.77128,1.0,1.0,1.0,1.0,0.74468,1.0,0.89647,1.0,0.64628,1.0,0.38255,1.0,0.10819,1.0,-0.1737,1.0,-0.81383,1.0
1,0,1.0,-0.37838,0.64865,0.2973,0.64865,-0.24324,0.86486,0.18919,1.0,-0.27027,0.51351,0.0,0.62162,-0.05405,0.32432,-0.21622,0.71833,-0.17666,0.62162,0.05405,0.75676,0.13514,0.35135,-0.2973,0.61031,-0.22163,0.58478,-0.23027,0.72973,-0.59459,0.51351,-0.24324
1,0,0.74704,-0.13241,0.53755,0.16996,0.72727,0.09486,0.69565,-0.11067,0.66798,-0.23518,0.87945,-0.1917,0.73715,0.0415,0.63043,-0.00395,0.63636,-0.11858,0.79249,-0.25296,0.66403,-0.28656,0.67194,-0.10474,0.61847,-0.12041,0.60079,-0.20949,0.37549,0.06917,0.61067,-0.01383
1,0,0.91767,0.18198,0.8609,0.35543,0.72873,0.45747,0.60425,0.69865,0.50376,0.74922,0.361,0.81795,0.15664,0.83558,0.00396,0.8521,-0.1639,0.77853,-0.35996,0.76193,-0.43087,0.65385,-0.5314,0.53886,-0.60328,0.40972,-0.64511,0.27338,-0.6571,0.13667,-0.64056,0.05394
1,0,0.64122,0.01403,0.34146,-0.02439,0.52751,0.03466,0.19512,0.12195,0.43313,0.04755,0.21951,0.04878,0.29268,0.0,0.36585,0.0,0.31707,0.07317,0.26829,0.12195,0.23698,0.05813,0.21951,0.09756,0.19304,0.05641,0.1741,0.05504,0.19512,0.0,0.17073,0.07317
1,0,1.0,0.09802,1.0,0.25101,0.9839,0.33044,0.80365,0.5302,0.74977,0.60297,0.56937,0.71942,0.55311,0.74079,0.29452,0.82193,0.21137,0.79777,0.09709,0.82162,-0.01734,0.7987,-0.15144,0.75596,-0.22839,0.69187,-0.31713,0.60948,-0.40291,0.54522,-0.42815,0.44534
1,0,0.83367,0.31456,0.65541,0.57671,0.34962,0.70677,0.17293,0.78947,-0.18976,0.79886,-0.41729,0.66541,-0.68421,0.47744,-0.74725,0.19492,-0.7218,-0.04887,-0.6203,-0.28195,-0.49165,-0.53463,-0.26577,-0.66014,-0.0153,-0.69706,0.22708,-0.64428,0.431,-0.51206,0.64662,-0.30075
1,0,0.9408,0.11933,0.85738,0.01038,0.85124,0.01546,0.76966,-0.00278,0.84459,0.10916,0.83289,0.03027,0.8268,0.03506,0.74838,0.01943,0.80019,0.02405,0.80862,0.04901,0.80259,0.05352,0.77336,0.0222,0.79058,0.06235,0.85939,0.09251,0.77863,0.0709,0.77269,0.07508
1,0,1.0,0.06843,1.0,0.14211,1.0,0.22108,1.0,-0.125,1.0,0.39495,1.0,0.48981,1.0,0.58986,-0.375,1.0,1.0,0.0,1.0,0.92001,1.0,1.0,1.0,1.0,1.0,1.0,1.0,0.25,1.0,1.0,1.0,1.0
1,0,0.8375907732571672,0.02854396700768605,0.8875352996963161,0.003148515064764066,0.8808770300527696,0.004682739978356145,0.8423313543065591,0.007629897538630489,0.9055141562478062,0.08981297618957453,0.8572120191670466,0.009112103131659017,0.8481675954195427,0.010526458520410913,0.8349533550536071,-0.06463674124217668,0.826729692232099,0.029466287700289404,0.8179666354293597,0.014523227699619412,0.8069929914116426,0.01577790927627085,0.7871980956254943,-0.030084628670242915,0.7839374306114899,0.018150975442526536,0.7674675050590691,0.060973973096513256,0.759687756722631,0.020351251921948123,0.7472289713440311,0.021376585874398644
1,0,1.0,0.06655,1.0,-0.18388,1.0,-0.2732,1.0,-0.43107,1.0,-0.41349,0.96232,-0.51874,0.90711,-0.59017,0.8923,-0.66474,0.69876,-0.70997,0.70645,-0.7632,0.63081,-0.80544,0.55867,-0.89128,0.47211,-0.865,0.40303,-0.83675,0.30996,-0.89093,0.22995,-0.89158
1,0,0.967008330200377,0.11335178023202692,1.0,-0.026417863508832507,0.9864844713569781,0.023199682783670322,0.9757569711477273,-0.09919685538813613,0.9916279031227281,-0.024763949030729898,0.9838166165625939,-0.028245801184187812,1.0,-0.05548006518615558,1.0,-0.05572310275287657,0.9506486920918704,0.02420572560957681,0.9809324492173135,-0.09447846140969177,0.9830875631503148,-0.04794447950034176,0.9324383799368089,-0.17127146077060545,0.9653659571287591,-0.06960799106496725,0.9277195616968921,0.026973060893889254,1.0,-0.11472467646689671,0.9450726352243285,-0.06997562164652932
1,0,0.95882,0.10129,1.0,-0.01918,0.98313,0.02555,0.96974,-0.09316,0.98955,-0.02716,0.9798,-0.03096,1.0,-0.05343,1.0,-0.05179,0.9384,0.01557,0.9762,-0.09284,0.97889,-0.05318,0.91567,-0.15675,0.95677,-0.06995,0.90978,0.01307,1.0,-0.10797,0.93144,-0.06888
1,0,0.47368,-0.10526,0.83781,0.01756,0.83155,0.02615,0.68421,-0.05263,0.68421,0.0,0.79856,0.05028,0.78315,0.05756,0.84211,0.47368,1.0,0.05263,0.7255,0.07631,0.70301,0.08141,0.42105,0.21053,0.65419,0.08968,0.52632,-0.21053,0.6015,0.09534,0.57418,0.09719
1,0,0.9762304601820623,-0.12508574199759098,0.984654791002884,-0.040175523226988565,0.9976877344566539,-0.2429862909763324,0.9690774614356802,0.15196564552773473,0.9626879109761164,-0.041776834460159576,0.9881473668920319,-0.08514466153425379,0.9951167151595172,-0.08799898847100474,0.9794238289245675,-0.11241859520211206,0.9783807972110662,-0.13958618806428524,0.9944213606838497,-0.09070805162332057,0.9626879109761164,-0.12618870480840502,0.9790761516867337,-0.12854533947633234,0.9735528246584205,-0.17190740377487657,0.948393635447907,-0.19535285475205508,0.977337765497565,-0.20997464119827827,0.9745405440840845,-0.24242636654161057
1,0,0.96933,0.00876,1.0,0.00843,0.98658,-0.00763,0.97868,-0.02844,0.9982,-0.0351,1.0,-0.01271,1.0,-0.02581,1.0,-0.01175,0.98485,0.00025,1.0,-0.02612,1.0,-0.04744,0.96019,-0.04527,0.99188,-0.03473,0.9702,-0.02478,1.0,-0.03855,0.9842,-0.04112
1,0,1.0,0.51515,0.45455,0.33333,0.06061,0.36364,-0.32104,0.73062,-0.45455,0.48485,-0.57576,0.0,-0.57576,-0.12121,-0.33333,-0.48485,-0.09091,-0.84848,0.48485,-0.57576,0.57576,-0.42424,1.0,-0.39394,0.72961,0.12331,0.9697,0.57576,0.24242,0.36364,0.09091,0.33333
1,0,0.84713,-0.03397,0.86412,-0.08493,0.81953,0.0,0.73673,-0.07643,0.71975,-0.13588,0.74947,-0.11677,0.77495,-0.18684,0.78132,-0.21231,0.61996,-0.10191,0.79193,-0.15711,0.89384,-0.03397,0.84926,-0.26115,0.74115,-0.23312,0.66242,-0.22293,0.72611,-0.37792,0.65817,-0.24841
1,0,0.68317,0.05375,0.84803,0.00202,0.84341,0.00301,0.843,0.09901,0.75813,0.04102,0.81892,0.00585,0.80738,0.00673,0.80622,-0.12447,0.77935,-0.03536,0.76365,0.00909,0.74635,0.00978,0.79632,-0.04243,0.70824,0.01096,0.62235,0.11598,0.66624,0.0119,0.64407,0.01227
1,0,0.92308,0.15451,0.86399,0.29757,0.72582,0.3679,0.70588,0.5683,0.57449,0.62719,0.4327,0.74676,0.31705,0.67697,0.19128,0.76818,0.04686,0.76171,-0.12064,0.76969,-0.18479,0.71327,-0.29291,0.65708,-0.38798,0.58553,-0.46799,0.50131,-0.53146,0.40732,-0.56231,0.35095
1,0,1.0,-0.01179,1.0,-0.00343,1.0,-0.01565,1.0,-0.01565,1.0,-0.02809,1.0,-0.02187,0.99828,-0.03087,0.99528,-0.03238,0.99314,-0.03452,1.0,-0.03881,1.0,-0.05039,1.0,-0.04931,0.99842,-0.05527,0.994,-0.06304,0.99057,-0.06497,0.98971,-0.06668
1,0,1.0,-0.06182,1.0,0.02942,1.0,-0.05131,1.0,-0.01707,1.0,-0.11726,0.84493,-0.05202,0.93392,-0.06598,0.6917,-0.07379,0.65731,-0.20367,0.9491,-0.31558,0.80852,-0.31654,0.84932,-0.34838,0.72529,-0.29174,0.73094,-0.38576,0.54356,-0.26284,0.64207,-0.39487
1,0,0.517054864942244,0.08463420427122073,0.30291925088301047,0.04585718806854902,0.3762031331534157,0.005197662893805556,0.5161795708312072,-0.002342640844424468,0.5601172631360182,0.02776110190905347,0.3176384534200545,0.04857599074133045,0.48954043423033966,0.004122687102280527,0.4551210514394847,-0.09078412010795057,0.4147989352884932,0.015095364365400918,0.3373301332880875,0.06780254259478978,0.19646716138253817,0.22741518276683853,0.297008017137096,-0.11329206922075973,0.3396121519682951,0.04088829556955827,0.360343452393745,0.15680661853299477,0.2520895854834723,0.0,0.34333883360599665,-0.005535071917557519
1,0,0.33333,-0.25,0.44444,0.22222,0.38889,0.16667,0.41667,0.13889,0.5,-0.11111,0.54911,-0.08443,0.58333,0.33333,0.55556,0.02778,0.25,-0.19444,0.47222,-0.05556,0.52778,-0.02778,0.38889,0.08333,0.41543,-0.14256,0.19444,-0.13889,0.36924,-0.14809,0.08333,-0.5
1,0,0.95202,0.02254,0.93757,-0.01272,0.93526,0.01214,0.96705,-0.01734,0.96936,0.0052,0.95665,-0.03064,0.9526,-0.00405,0.9948,-0.02659,0.99769,0.01792,0.93584,-0.04971,0.93815,-0.0237,0.97052,-0.04451,0.96215,-0.01647,0.97399,0.01908,0.95434,-0.0341,0.95838,0.00809
1,0,0.6830897749295339,0.11394834445304727,0.7865189768540078,0.021917850970128678,0.780737247321717,0.032654871837178856,0.656992650286446,0.006240038336732007,0.7228301770692753,0.20494952249071974,0.7502581257720365,0.06294815598906214,0.7360268943015928,0.07214819224949287,0.6973000394551584,-0.08345529418343685,0.6272874858631943,0.07506700704998888,0.6827735379748984,0.096141156446955,0.66201374629935,0.10277484196620346,0.6385736741245386,0.05007058794054774,0.6169305136894353,0.11379649612895536,0.6081392736729592,0.2129189004463183,0.5682683888331843,0.12169909806816047,0.5430373233833564,0.1244789683079755
1,0,1.0,0.0738,1.0,0.0342,1.0,-0.05563,1.0,0.08764,1.0,0.19651,1.0,0.20328,1.0,0.12785,1.0,0.10561,1.0,0.27087,1.0,0.44758,1.0,0.4175,1.0,0.20033,1.0,0.36743,0.95603,0.48641,1.0,0.32492,1.0,0.46712
1,0,1.0,-0.57224,0.9915,-0.73371,0.89518,-0.9745,1.0,-0.35818,1.0,-0.23229,0.6289,-0.86402,1.0,-0.57535,1.0,-0.79603,0.76771,-0.88952,0.96601,-1.0,0.7012,-0.74896,0.61946,-0.76904,0.53777,-0.77986,0.8102,-1.0,1.0,-1.0,0.30445,-0.76112
1,0,1.0,-0.0373,1.0,-0.07383,0.99601,-0.11039,0.99838,-0.09931,0.98941,-0.13814,0.96674,-0.21695,0.95288,-0.25099,0.91236,-0.344,0.90581,-0.32152,0.89991,-0.34691,0.87874,-0.37643,0.86213,-0.4299,0.83172,-0.43122,0.81433,-0.42593,0.77919,-0.47977,0.75115,-0.50152
1,0,0.91241,0.04347,0.94191,0.0228,0.94705,0.05345,0.93582,0.01321,0.91911,0.06348,0.92766,0.12067,0.92048,0.06211,0.88899,0.12722,0.83744,0.14439,0.80983,0.11849,0.77041,0.14222,0.75755,0.11299,0.7355,0.13282,0.66387,0.153,0.70925,0.10754,0.65258,0.11447
1,0,0.86284,0.1931,0.8092,0.41149,0.67203,0.55785,0.54559,0.69962,0.36705,0.81533,0.19617,0.85671,-0.04061,0.86284,-0.17241,0.75785,-0.341,0.65747,-0.48199,0.56092,-0.6023,0.40996,-0.59234,0.25747,-0.63038,0.08818,-0.57241,-0.07816,-0.54866,-0.19923,-0.42912,-0.31954
1,0,0.73523,-0.38293,0.80151,0.10278,0.78826,0.15266,0.5558,0.05252,1.0,0.21225,0.71947,0.28954,0.68798,0.32925,0.49672,0.17287,0.64333,-0.02845,0.57399,0.42528,0.5312,0.44872,0.9453,0.57549,0.44174,0.482,0.12473,1.0,0.3507,0.49721,0.30588,0.49831
1,0,0.9561809112125702,0.054516894655147724,0.9721652621649001,0.004487467417492043,0.9632271121164021,0.0386218486170648,0.9489971067786533,0.018371467516855915,0.9574590265657014,0.07108418019637702,0.9097276764273109,0.11170644238495557,0.9317508533869587,0.05720374127055674,0.8885212491659767,0.1188762351543863,0.8497316885366094,0.11413994617770015,0.8132154226901679,0.1183910414905951,0.8049256864119113,0.14336583537205683,0.7865813016538393,0.12399522791434564,0.7663646382491304,0.13467416996569193,0.7301357429030856,0.1534114590654204,0.7415260990938003,0.13449838129893663,0.6821790109972676,0.11742833859694668
1,0,0.91176,-0.08824,0.97059,0.17647,0.82353,0.08824,0.91176,-0.02941,0.97059,-0.17647,0.97059,0.14706,0.94118,0.02941,1.0,0.0,1.0,0.0,0.76471,0.11765,0.88235,0.02941,0.85294,0.02941,0.92663,0.026,0.94118,-0.11765,0.97059,0.05882,0.91176,0.05882
1,0,0.87772,-0.08152,0.83424,0.07337,0.84783,0.04076,0.77174,-0.02174,0.77174,-0.05707,0.82337,-0.10598,0.67935,-0.00543,0.88043,-0.20924,0.83424,0.03261,0.86413,-0.05978,0.97283,-0.27989,0.85054,-0.1875,0.83705,-0.10211,0.8587,-0.03261,0.78533,-0.1087,0.79076,-0.00543
1,0,0.76296,-0.07778,1.0,-0.2963,1.0,-0.85741,0.8,0.06111,0.45556,-0.42778,1.0,-0.12581,1.0,-0.83519,0.49259,0.01852,0.82222,-0.05926,0.98215,-0.19938,1.0,0.22037,0.6963,-0.26481,0.92148,-0.24549,0.78889,0.02037,0.87492,-0.27105,1.0,-0.57037
1,0,0.59887,0.14689,0.69868,-0.13936,0.85122,-0.13936,0.80979,0.02448,0.50471,0.02825,0.6742,-0.0452,0.80791,-0.13748,0.51412,-0.24482,0.81544,-0.14313,0.70245,-0.00377,0.33333,0.06215,0.56121,-0.33145,0.61444,-0.16837,0.52731,-0.02072,0.53861,-0.31262,0.6742,-0.22034
1,0,0.67065,0.02528,0.66626,0.05031,0.57197,0.18761,0.08776,0.34081,0.63621,0.12131,0.62099,0.14285,0.78637,0.10976,0.58373,0.18151,0.14395,0.41224,0.53888,0.21326,0.5142,0.22625,0.48838,0.23724,0.46167,0.24618,0.43433,0.25306,0.40663,0.25792,1.0,0.33036
1,0,0.97714,0.19049,0.82683,0.46259,0.71771,0.58732,0.47968,0.84278,0.31409,0.92643,0.10289,0.93945,-0.13254,0.8429,-0.3202,0.91624,-0.52145,0.79525,-0.68274,0.49508,-0.77408,0.33537,-0.85376,0.17849,-0.83314,-0.01358,-0.82366,-0.19321,-0.67289,-0.33662,-0.59943,-0.497
1,0,0.50112,-0.03596,0.61124,0.01348,0.58876,0.01573,0.58876,0.02472,0.66742,-0.00449,0.71685,-0.04719,0.66517,0.00899,0.57303,0.02472,0.64719,-0.07416,0.56854,0.14157,0.57528,-0.03596,0.46517,0.04944,0.56588,0.00824,0.4764,-0.03596,0.54607,0.10562,0.60674,-0.0809
1,0,0.89505,-0.03168,0.87525,0.05545,0.89505,0.01386,0.92871,0.02772,0.91287,-0.0099,0.94059,-0.01584,0.91881,0.03366,0.93663,0.0,0.94257,0.01386,0.90495,0.00792,0.88713,-0.01782,0.89307,0.02376,0.89002,0.01611,0.88119,0.00198,0.87327,0.04158,0.86733,0.02376
1,0,1.0,1.0,0.367,0.06158,0.12993,0.92713,-0.27586,0.93596,-0.31527,0.37685,-0.87192,0.36946,-0.92857,-0.08867,-0.38916,-0.34236,-0.46552,-0.82512,-0.05419,-0.93596,0.25616,-0.20443,0.73792,-0.4595,0.85471,-0.06831,1.0,1.0,0.3867,0.00246,0.17758,0.7979
1,0,0.9848241362430221,-0.09704990647932393,0.9660304774361844,-0.17286867878673623,0.9519406954415683,-0.2888842810219188,0.9118893880378451,-0.2946790103985266,0.8603134518914192,-0.4286807249399806,0.8102949844137549,-0.49466506935558263,0.8103425612497726,-0.565167250663378,0.6355881752002955,-0.6702471816220856,0.49080005858311304,-0.6989684810755411,0.5342836270089724,-0.7721241521435576,0.4188450634995151,-0.7791077492307901,0.39197370295503503,-0.8707093721373098,0.26673979015654753,-0.8368141485869431,0.1696722643702921,-0.82950485741793,0.062614511791346,-0.8410951980254855,0.02132838211891963,-0.841810946085062
1,0,0.9699048753965946,0.08139279055054685,0.9750809599501576,0.1961772124218769,0.9694357206302242,0.27180854224022083,0.9689114712866861,0.34396492429058717,0.9145993302665862,0.446088669148444,0.8377342472771139,0.5195477353461007,0.8206613165934369,0.5729942426674783,0.7155924579886578,0.6714650320290556,0.6637450468911745,0.7079850571436579,0.5293386175840276,0.6843094390382668,0.4654126067370595,0.7449831412489786,0.3917630057254839,0.7408705979660306,0.32087445026035594,0.8116150144965129,0.23639911672886102,0.8251008385575697,0.13205549119716795,0.8356854504892346,0.08572820506869618,0.8285830473394169
1,0,1.0,0.01105,1.0,0.01105,1.0,0.0232,0.99448,-0.01436,0.99448,-0.00221,0.98343,0.0232,1.0,0.00884,0.97569,0.00773,0.97901,0.01657,0.98011,0.00663,0.98122,0.02099,0.97127,-0.00663,0.98033,0.016,0.97901,0.01547,0.98564,0.02099,0.98674,0.02762
1,0,0.9449,-0.49311,1.0,-0.03692,0.98898,-0.87052,0.90083,0.66942,1.0,-0.10104,1.0,-0.12493,1.0,-0.15017,1.0,-0.17681,1.0,-0.20491,1.0,-0.23452,1.0,-0.26571,1.0,-0.29852,1.0,-0.33304,1.0,-0.36931,1.0,-0.4074,1.0,-0.44739
1,0,0.96087,0.0862,0.9676,0.19279,0.96026,0.27451,0.98044,0.35052,0.92867,0.46281,0.86265,0.52517,0.8282,0.58794,0.73242,0.69065,0.69003,0.7314,0.54473,0.6882,0.48339,0.76197,0.40615,0.74689,0.33401,0.83796,0.24944,0.86061,0.13756,0.86835,0.09048,0.86285
1,0,0.79378,0.29492,0.64064,0.52312,0.41319,0.68158,0.14177,0.83548,-0.16831,0.78772,-0.42911,0.72328,-0.57165,0.41471,-0.75436,0.16755,-0.69977,-0.09856,-0.57695,-0.23503,-0.40637,-0.38287,-0.17437,-0.5254,0.01523,-0.48707,0.1903,-0.38059,0.31008,-0.23199,0.34572,-0.08036
1,0,0.61538,0.18923,0.78157,0.0178,0.77486,0.02647,0.65077,-0.10308,0.77538,0.08,0.73961,0.0506,0.72322,0.05776,0.68615,-0.08923,0.61692,0.16308,0.66233,0.07573,0.63878,0.08041,0.60154,-0.07231,0.58803,0.08767,0.55077,0.25692,0.53389,0.09207,0.50609,0.09322
1,0,0.85013,0.01809,0.92211,0.01456,0.92046,0.0218,0.92765,0.0801,0.87597,0.1137,0.91161,0.0432,0.90738,0.05018,0.87339,0.02842,0.95866,0.0,0.89097,0.07047,0.8843,0.07697,0.83721,0.10853,0.86923,0.0895,0.87597,0.08786,0.85198,0.10134,0.84258,0.10698
1,0,0.64947,-0.07896,0.58264,-0.1438,-0.13129,-0.21384,0.29796,0.04403,0.38096,-0.26339,0.28931,-0.31997,0.03459,-0.18947,0.20269,-0.29441,0.15196,-0.29052,0.09513,-0.31525,0.06556,-0.26795,0.03004,-0.25124,-0.00046,-0.2321,-0.02612,-0.21129,-0.04717,-0.1895,0.01336,-0.27201
1,0,0.96355,-0.07198,1.0,-0.14333,1.0,-0.21313,1.0,-0.36174,0.9257,-0.43569,0.9451,-0.40668,0.90392,-0.46381,0.98305,-0.35257,0.84537,-0.6602,0.75346,-0.60589,0.69637,-0.64225,0.85106,-0.6544,0.57577,-0.69712,0.25435,-0.63919,0.45114,-0.72779,0.38895,-0.7342
1,0,0.66667,-0.01366,0.97404,0.06831,0.4959,0.50137,0.75683,-0.00273,0.65164,-0.14071,0.40164,-0.48907,0.39208,0.58743,0.76776,0.31831,0.78552,0.11339,0.47541,-0.44945,1.0,0.00683,0.60656,0.06967,0.68656,0.17088,0.87568,0.07787,0.55328,0.2459,0.13934,0.48087
1,0,0.83479,0.28993,0.69256,0.47702,0.49234,0.68381,0.21991,0.86761,-0.08096,0.85011,-0.35558,0.77681,-0.52735,0.58425,-0.7035,0.31291,-0.75821,0.03939,-0.71225,-0.15317,-0.58315,-0.39168,-0.37199,-0.52954,-0.1695,-0.60863,0.08425,-0.61488,0.25164,-0.48468,0.40591,-0.35339
1,0,1.0,0.0,1.0,0.0,0.66667,0.11111,1.0,-0.11111,0.88889,-0.11111,1.0,-0.22222,0.77778,0.0,0.77778,0.0,1.0,-0.11111,0.77778,-0.11111,0.66667,-0.11111,0.66667,0.0,0.90347,-0.05352,1.0,0.11111,0.88889,-0.11111,1.0,0.0
1,0,0.9612587162300263,0.009507878257708019,0.9803578578082716,0.0011673888346077172,0.992195271182203,0.009096464065799144,0.9680756901683621,0.007606184817436036,0.9554273958782961,0.024947270682334398,0.9752487907568548,0.040568779623279184,0.99004498875281,0.01589176796710043,0.9518558930721821,0.05379093203972579,0.9837160053168534,-0.0005381393288072999,0.9783651580286743,0.0378851153120868,0.9684486255708776,0.05718280089069306,0.9433742484833286,0.0568214316875443,0.960130377178429,0.03595346254345871,0.9759112764990565,0.01019203403694434,0.9804344341187421,0.0569149205880414,0.9963402508463811,0.005740695280721259
1,0,1.0,0.08013,0.96775,-0.00482,0.96683,-0.00722,0.8798,-0.03923,1.0,0.01419,0.96186,-0.01436,0.95947,-0.01671,0.98497,0.01002,0.91152,-0.08848,0.95016,-0.02364,0.94636,-0.02591,0.98164,0.02003,0.93772,-0.03034,1.0,-0.05843,0.92774,-0.03464,0.92226,-0.03673
1,0,1.0,0.45455,1.0,0.54545,0.81818,0.63636,1.0,-0.09091,1.0,0.0,0.81818,-0.45455,0.63636,0.27273,1.0,-0.63636,1.0,-0.27273,0.90909,-0.45455,1.0,0.0775,1.0,-0.09091,1.0,0.08867,1.0,0.36364,1.0,0.63636,0.72727,0.27273
1,0,0.8904807935499881,0.3737955439240034,0.6722630614062972,0.6851177353795062,0.375814957345314,0.8766120321822596,-0.01212046449717534,0.9327156862192897,-0.37195989287909514,0.8409820002436935,-0.6413942620479592,0.6062018442062657,-0.808680920085785,0.3415010470008749,-0.8485931964310726,-0.032372920329478486,-0.7165118017613732,-0.3368394498141596,-0.5210506245692988,-0.5860519687247147,-0.25207021546027725,-0.7127408978546649,0.0416070206672594,-0.7201706205346032,0.3015090411247252,-0.6156709221031328,0.48879833368298936,-0.42670297529804496,0.5805990124219744,-0.1923464635902011,0.5836695933279135,0.06030435866253778
1,0,0.99701,0.21677,0.91966,0.4703,0.76902,0.62415,0.53312,0.7812,0.36774,0.88291,0.10107,0.83312,-0.06827,0.89274,-0.28269,0.72073,-0.43707,0.61688,-0.55769,0.4812,-0.65,0.35534,-0.64658,0.15908,-0.66651,0.02277,-0.64872,-0.13462,-0.54615,-0.22949,-0.47201,-0.35032
1,0,1.0,-0.01081,1.0,-0.02703,1.0,-0.06486,0.95135,-0.01622,0.98919,-0.03243,0.98919,0.08649,1.0,-0.06486,0.95135,0.09189,0.97838,-0.00541,1.0,0.06486,1.0,0.04324,0.97838,0.09189,0.98556,0.01251,1.0,-0.03243,1.0,0.02703,1.0,-0.07027
1,0,0.57647,-0.01569,0.40392,0.0,0.38431,0.12941,0.4,-0.05882,0.56471,0.14118,0.46667,0.08235,0.52549,-0.0549,0.58039,0.01569,0.50196,0.0,0.45882,0.06667,0.58039,0.08235,0.49804,0.00392,0.48601,0.10039,0.46275,0.08235,0.45098,0.23529,0.43137,0.17255
1,0,0.97513,0.0071,0.98579,0.01954,1.0,0.01954,0.9929,0.01599,0.95737,0.02309,0.97158,0.03552,1.0,0.0373,0.97869,0.02131,0.98579,0.05684,0.97158,0.04796,0.94494,0.05506,0.98401,0.03552,0.9754,0.06477,0.94849,0.08171,0.99112,0.06217,0.98934,0.09947
1,0,0.9287,0.33164,0.76168,0.62349,0.49305,0.84266,0.21592,0.95193,-0.13956,0.96167,-0.47202,0.8359,-0.70747,0.6549,-0.87474,0.3675,-0.91814,0.05595,-0.89824,-0.26173,-0.73969,-0.54069,-0.50757,-0.74735,-0.22323,-0.86122,0.0781,-0.87159,0.36021,-0.78057,0.59407,-0.6027
1,0,0.85736,0.00075,0.81927,-0.05676,0.77521,-0.04182,0.84317,0.09037,0.86258,0.11949,0.88051,-0.06124,0.78342,0.0351,0.83719,-0.06796,0.8357,-0.1419,0.88125,0.01195,0.90515,0.0224,0.79686,-0.01942,0.82383,-0.03678,0.88125,-0.06423,0.73936,-0.01942,0.79089,-0.09186
1,0,1.0,0.09771,1.0,0.12197,1.0,0.22574,0.98602,0.09237,0.9493,0.19211,0.92992,0.24288,0.89241,0.28343,0.85529,0.26721,0.83656,0.33129,0.83393,0.31698,0.74829,0.39597,0.76193,0.34658,0.68452,0.42746,0.62764,0.46031,0.56791,0.47033,0.54252,0.50903
1,0,0.8471,0.13533,0.73638,-0.06151,0.87873,0.0826,0.88928,-0.09139,0.78735,0.06678,0.80668,-0.00351,0.79262,-0.01054,0.85764,-0.04569,0.8717,-0.03515,0.81722,-0.0949,0.71002,0.04394,0.86467,-0.15114,0.81147,-0.04822,0.78207,-0.00703,0.75747,-0.06678,0.85764,-0.06151
1,0,0.6,0.03333,0.63333,0.06667,0.7,0.06667,0.7,0.0,0.63333,0.0,0.8,0.0,0.73333,0.0,0.7,0.1,0.66667,0.1,0.73333,-0.03333,0.76667,0.0,0.63333,0.13333,0.65932,0.10168,0.6,0.13333,0.6,0.16667,0.63333,0.16667
1,0,0.98182,0.0,0.88627,0.03131,0.86249,0.04572,0.8,0.0,0.69091,0.04545,0.79343,0.08436,0.77118,0.09579,0.62727,0.25455,0.68182,0.12727,0.70674,0.12608,0.68604,0.13493,0.74545,0.22727,0.64581,0.15088,0.67273,0.02727,0.60715,0.16465,0.5884,0.17077
1,0,0.32834,0.0252,0.15236,0.21278,0.14919,0.74003,-0.25706,0.92324,-0.10312,0.1938,-0.61352,0.25786,-0.94053,-0.05409,-0.13117,-0.14329,-0.30315,-0.44615,-0.11409,-0.85597,0.02668,-0.22786,0.27942,-0.06295,0.33737,-0.11876,0.27657,-0.11409,0.15078,0.13296,0.12197,0.20468
1,0,0.9727617382711968,0.082806897298615,0.9645584685341979,-0.031248363949635167,0.9632470807769338,0.012827356478766212,0.9812942741983313,-0.06324157919207332,0.9826056619555955,-0.003580006341975972,0.9753901907890034,-0.024877445369840486,0.9730910044613325,-0.02985396743242471,0.9970479582953361,-0.04603483925465678,0.9986886122427358,0.035678870533154744,0.9635763469670694,-0.07191723415988704,0.9648877347243335,-0.025061743967367024,0.9832641943358666,-0.12460216026479018,0.9785125425920133,-0.038845831032037245,0.985234114473402,0.04670827204902434,0.9740788030317392,-0.08071919664789212,0.976372312356132,-0.0275660769614071
1,0,0.25,0.16667,0.46667,0.26667,0.19036,0.23966,0.07766,0.19939,0.0107,0.14922,-0.02367,0.10188,-0.03685,0.06317,-0.03766,0.03458,-0.0323,0.01532,-0.02474,0.00357,-0.01726,-0.00273,-0.01097,-0.00539,-0.00621,-0.00586,-0.00294,-0.0052,-0.00089,-0.00408,0.00025,-0.00291
1,0,0.94052,-0.01531,0.9417,0.01001,0.94994,-0.01472,0.95878,-0.0106,0.94641,-0.0371,0.97173,-0.01767,0.97055,-0.03887,0.95465,-0.04064,0.9523,-0.04711,0.94229,-0.02179,0.92815,-0.04417,0.92049,-0.04476,0.92695,-0.05827,0.90342,-0.07479,0.91991,-0.07244,0.92049,-0.0742
1,0,0.94701,-0.00034,0.93207,-0.03227,0.95177,-0.03431,0.95584,0.02446,0.94124,0.01766,0.92595,0.04688,0.93954,-0.01461,0.94837,0.02004,0.93784,0.01393,0.91406,0.07677,0.8947,0.06148,0.93988,0.03193,0.92489,0.02542,0.9212,0.02242,0.92459,0.00442,0.92697,-0.00577
1,0,1.0,1.0,1.0,1.0,0.9101,1.0,-0.2697,1.0,-0.83152,1.0,-1.0,1.0,-1.0,0.72526,-1.0,-0.57779,-1.0,-0.42052,-1.0,-1.0,-0.52838,-1.0,0.90014,-1.0,1.0,-1.0,1.0,-1.0,1.0,-0.34686,1.0,0.34845
1,0,0.85209,0.39252,0.38887,0.76432,0.08858,0.98903,-0.42625,0.88744,-0.76229,0.4998,-0.93092,0.10768,-0.859,-0.31044,-0.6603,-0.55262,-0.1926,-0.86063,0.28444,-0.80496,0.64649,-0.3523,0.77814,-0.23324,0.71698,0.21343,0.3783,0.5831,0.19667,0.66315,-0.11215,0.64933
1,0,0.97032,-0.14384,0.91324,-0.00228,0.96575,-0.17123,0.9863,0.18265,0.91781,0.00228,0.93607,-0.08447,0.91324,-0.00228,0.86758,-0.08676,0.97032,-0.21233,1.0,0.10274,0.92009,-0.05251,0.92466,0.06849,0.94043,-0.09252,0.97032,-0.20091,0.85388,-0.08676,0.96575,-0.21918
1,0,0.74449,-0.0239,0.70772,0.03309,0.72243,0.16912,0.79228,0.07721,0.81434,0.43934,0.63787,0.00551,0.70772,0.21691,1.0,0.06066,0.61029,0.05147,0.67463,0.04228,0.52022,-0.25,0.72978,-0.15809,0.61727,0.07124,0.30882,0.0864,0.55916,0.07458,0.60294,0.21691
1,0,1.0,0.09091,0.95455,-0.09091,0.77273,0.0,1.0,0.0,0.95455,0.0,1.0,0.04545,0.90909,-0.04545,1.0,0.0,1.0,0.0,0.86364,0.09091,0.77273,0.09091,0.90909,0.04545,0.91541,0.02897,0.95455,0.09091,0.86364,-0.09091,0.86364,0.04545
1,0,0.90071,0.01773,1.0,-0.01773,0.90071,0.00709,0.84752,0.05674,1.0,0.03546,0.97872,0.01064,0.97518,0.03546,1.0,-0.03191,0.89716,-0.03191,0.8617,0.07801,1.0,0.0922,0.90071,0.0461,0.94305,0.03247,0.94681,0.02482,1.0,0.01064,0.93617,0.02128
1,0,0.93537,0.13645,0.93716,0.25359,0.85705,0.38779,0.79039,0.47127,0.72352,0.59942,0.6526,0.75,0.5083,0.73586,0.41629,0.82742,0.25539,0.85952,0.13712,0.85615,0.00494,0.88869,-0.07361,0.7978,-0.20995,0.78004,-0.33169,0.71454,-0.38532,0.64363,-0.47419,0.55835
1,0,0.68148,0.1037,0.77037,0.03457,0.65185,0.08148,0.60988,-0.00494,0.79012,0.11852,0.59753,0.04938,0.62469,0.0963,0.78272,-0.17531,0.73827,-0.10864,0.48642,0.00988,0.60988,0.08148,0.66667,-0.1284,0.63773,-0.02451,0.76543,0.02222,0.61235,-0.0716,0.51358,-0.04691
1,0,0.9700859493537421,0.003170554541602353,0.9919620997902483,-0.0007703111148306142,0.9896422358965775,0.0005743425704972482,0.9504097538616041,0.021581662894595503,0.9661978679820291,0.025447829079857154,0.9768801538364974,0.0356066619038892,0.9900853093939127,0.021957887172620406,0.9403210317998502,0.06134300925111205,0.9503307125501471,0.035058030683610665,0.9774748075218254,0.05362827212896979,0.9892097189222573,0.06494906394388399,0.938939830414747,0.08105222358965776,0.9627466304063782,0.06396103106963866,0.9622599665210764,0.059340916135313206,0.9808778564053209,0.07810468716425152,0.9806264096120334,0.05986276363370564
1,0,1.0,0.06799039918716203,1.0,0.14264988391920655,1.0,0.2217246771123695,1.0,-0.12001661939146134,1.0,0.3935283941124971,1.0,0.48843866831529303,1.0,0.5862370738080173,-0.35676067840518355,0.9954502509717774,1.0,0.007142650986141731,1.0,0.9159331468371266,1.0,0.9946219867969553,0.9986195154920927,0.9957984562022238,0.9986074443774372,0.9962027722183766,0.9980913047387068,0.25559104847927216,0.9966027107973466,0.9980913047387068,0.9962185575221568,0.9967947874349414
1,0,0.49835054933703593,0.20085749984159595,0.5691202166509365,0.29379219502627796,0.4856027246628487,0.30790731157000034,0.4917537989135145,0.5225398761113291,0.3240022344855701,0.6574316721677343,0.14408594824021378,0.640736400129557,-0.011918554775299527,0.613695669932569,-0.09385295014689865,0.6117221591769318,-0.2442644008823938,0.5822618161987351,-0.3433158589336565,0.48183306627793715,-0.3786254212339837,0.3510157184167259,-0.606399585323111,0.23416924000220088,-0.5140952186768419,0.13111472362238483,-0.5861375247652285,0.10682599121357608,-0.4061424346041227,-0.05847164904907473,-0.3133862979005618,-0.26680595736095436
1,0,0.88179,0.43491,0.59573,0.77655,0.19672,0.94537,-0.24103,0.92544,-0.62526,0.71257,-0.86443,0.33652,-0.92384,-0.05338,-0.77356,-0.44707,-0.4695,-0.73285,-0.10237,-0.82217,0.26384,-0.7757,0.55984,-0.5591,0.72147,-0.24433,0.72478,0.09599,0.58137,0.38915,0.34749,0.57656
1,0,0.88103,-0.00857,0.89818,-0.02465,0.94105,-0.01822,0.89175,-0.12755,0.82208,-0.10932,0.88853,0.01179,0.90782,-0.13719,0.87138,-0.06109,0.90782,-0.02358,0.87996,-0.14577,0.82851,-0.12433,0.90139,-0.19507,0.88245,-0.14903,0.84352,-0.12862,0.88424,-0.18542,0.91747,-0.16827
1,0,0.83427,0.39121,0.5404,0.78579,0.12326,0.89402,-0.33221,0.83578,-0.70086,0.59564,-0.86622,0.21909,-0.84442,-0.24164,-0.59714,-0.61894,-0.19354,-0.87787,0.12439,-0.89064,0.51109,-0.72454,0.79143,-0.27734,0.83008,0.08718,0.66592,0.49079,0.37542,0.70011,-0.03983,0.79444
1,0,1.0,-0.01342,1.0,0.01566,1.0,-0.00224,1.0,0.06264,0.97763,0.04474,0.95973,0.02908,1.0,0.06488,0.98881,0.03356,1.0,0.03579,0.99776,0.09396,0.95749,0.07383,1.0,0.10067,0.99989,0.08763,0.99105,0.08501,1.0,0.10067,1.0,0.10067
1,0,0.7389025385841304,0.40423211212879134,0.5395559968655959,0.8155967657668972,0.0387422600365426,0.9199467977345352,-0.33248399522044425,0.8487727554980294,-0.7740411877175775,0.5314688515404233,-0.8989477505277045,0.13831033768688883,-0.8824808717827796,-0.2368891185883688,-0.6141497211406136,-0.6577983935851441,-0.010281232468953516,-0.9077477109579051,0.03959581843020152,-0.8630300887684502,0.5763326654823853,-0.6016531436307632,0.6793610620665166,-0.2094919335374977,0.8523714682918555,0.17598625444058896,0.643564925674827,0.5770838161245513,0.3379413680606643,0.7734746666598392,-0.16599745985687714,0.8447279084951034
1,0,0.29202,0.13582,0.45331,0.16808,0.51783,-0.00509,0.52632,0.20883,0.52462,-0.16638,0.47368,-0.04754,0.55518,0.03905,0.81664,-0.22411,0.42445,-0.04244,0.34975,0.06621,0.28183,-0.20883,0.51731,-0.03176,0.50369,-0.03351,0.34635,0.09847,0.70798,-0.01868,0.39559,-0.03226
1,0,0.84134,-0.18362,0.43644,0.02919,0.93421,-0.00267,0.87947,0.13795,0.81121,-0.01789,0.88559,0.54991,0.91714,-0.57486,0.75,-0.2952,0.86676,-0.20104,1.0,1.0,0.4661,-0.1629,0.90066,-0.02778,0.93358,-0.01158,0.61582,-0.32298,0.84463,-0.25706,0.93323,-0.01425
1,0,1.0,0.0838,1.0,0.17387,1.0,-0.13308,0.98172,0.6452,1.0,0.47904,1.0,0.59113,1.0,0.70758,1.0,0.82777,1.0,0.95099,1.0,1.0,0.98042,1.0,0.91624,1.0,0.83899,1.0,0.74822,1.0,0.64358,1.0,0.52479,1.0
1,0,0.4987,0.01818,0.43117,-0.0961,0.50649,-0.04156,0.5013,0.0961,0.44675,0.05974,0.55844,-0.11948,0.51688,-0.03636,0.52727,-0.05974,0.55325,-0.01039,0.48571,-0.03377,0.49091,-0.01039,0.59221,0.0,0.53215,-0.0328,0.43117,0.03377,0.54545,-0.05455,0.58961,-0.08571
1,0,0.90147,0.41786,0.64131,0.75725,0.3044,0.95148,-0.20449,0.96534,-0.55483,0.81191,-0.81857,0.50949,-0.96986,0.10345,-0.91456,-0.31412,-0.70163,-0.65461,-0.32354,-0.88999,0.05865,-0.94172,0.44483,-0.82154,0.74105,-0.55231,0.89415,-0.18725,0.87893,0.20359,0.70555,0.54852
1,0,0.5443316381536775,-0.0016932619810345363,0.41518103073566015,-0.03971321297970419,0.434800742579191,0.05875684679354813,0.4418621069182522,0.005200509415356644,0.5159631675017076,0.1075250149316638,0.5045938455270287,-0.001056012234065512,0.5219319275363657,-0.04723836661140775,0.5584382219200636,-0.01548135957397593,0.5231555327131012,-0.004293655388752617,0.4699322611552991,0.025163287079276918,0.5434124943036012,0.044025303103665286,0.5369556427294354,0.002300064569402285,0.50507730121627,0.04534938775476794,0.44969960181166435,0.06227437162794975,0.49001961737973626,0.11551395785600975,0.4967624955453526,0.06582435604434543
1,0,0.862656129800346,-0.17704568116407376,0.5152392765452396,0.023989049427687315,0.9394225192580471,-0.030527395248459696,0.8971254671001005,0.1453374321761162,0.8288274557041161,-0.014556565839099238,0.8939326750839004,0.4450679591972125,0.9164954589376543,-0.48023145603130607,0.7694320866950278,-0.2607517592217078,0.8838750442093645,-0.2029058637420213,1.0,0.8517125862563304,0.5411295376652125,-0.14465618259683516,0.904626406537512,-0.01186975177640475,0.9347120785325815,-0.024956706047759424,0.6744071298978344,-0.3028058647485793,0.8461587191863328,-0.22891504027757067,0.9386044808583288,-0.0481181538221811
1,0,1.0,-0.03365,1.0,0.00485,1.0,-0.12062,0.88965,0.01198,0.73082,0.05346,0.85443,0.00827,0.54591,0.00299,0.83775,-0.13644,0.75535,-0.0854,0.70887,-0.27502,0.43385,-0.12062,0.57528,-0.4022,0.58984,-0.22145,0.431,-0.17365,0.60436,-0.2418,0.56045,-0.38238
1,0,1.0,0.24077,0.99815,0.00369,0.80244,-0.30133,0.89919,-0.23486,0.70643,-0.24077,0.73855,-0.30539,0.71492,-0.36078,0.47194,-0.61189,0.40473,-0.55059,0.61041,-0.39328,0.53176,-0.32681,0.23966,-0.52142,0.29208,-0.4839,0.12777,-0.39143,0.15657,-0.51329,0.18353,-0.46603
1,0,0.88305,-0.21996,1.0,0.36373,0.82403,0.19206,0.85086,0.05901,0.90558,-0.04292,0.85193,0.25,0.77897,0.25322,0.69206,0.5794,0.7103,0.39056,0.73176,0.27575,1.0,0.34871,0.5676,0.52039,0.69811,0.53235,0.80901,0.58584,0.43026,0.70923,0.52361,0.54185
1,0,0.31034,-0.10345,0.24138,-0.10345,0.2069,-0.06897,0.07405,-0.05431,0.03649,-0.03689,0.01707,-0.02383,0.00741,-0.01482,0.00281,-0.00893,0.00078,-0.00523,-3e-05,-0.00299,-0.00028,-0.00166,-0.00031,-0.0009,-0.00025,-0.00048,-0.00018,-0.00024,-0.00012,-0.00012,-8e-05,-6e-05
1,0,0.6131972583183715,0.118970028079072,0.7046872666857741,-0.08844368757009197,0.743845562531758,-0.02580375056697845,0.7610191399578684,0.008305470812153198,0.654222576908163,0.12240990530353081,0.7045126967872956,-0.013956395058008157,0.8003681894029689,0.010505305716864533,0.7487161277034058,-0.18716914888846153,0.72188373045303,-0.10492640205766221,0.6463264200797599,-0.01078817476001446,0.5342679797351706,0.10236814137086007,0.6712607984129936,-0.1595447183394178,0.675538120371898,-0.05808647454833234,0.6042553771616093,0.029330858754838884,0.7204134535241882,-0.12267837284217856,0.6581491070514488,-0.09426012679833087
1,0,0.88208,-0.14639,0.93408,-0.11057,0.921,-0.1645,0.88307,-0.17036,0.88462,-0.31809,0.85269,-0.31463,0.82116,-0.35924,0.80681,-0.33632,0.75243,-0.47022,0.70555,-0.47153,0.6615,-0.50085,0.61297,-0.48086,0.56804,-0.54629,0.50179,-0.59854,0.47075,-0.57377,0.42189,-0.58086
1,0,0.92436,0.36924,0.71976,0.6842,0.29303,0.94078,-0.11108,0.76527,-0.31605,0.92453,-0.66616,0.78766,-0.92145,0.42314,-0.94315,0.09585,-1.0,0.03191,-0.66431,-0.66278,-0.4601,-0.78174,-0.13486,-0.88082,0.19765,-0.85137,0.48904,-0.70247,0.69886,-0.46048,0.76066,-0.13194
1,0,0.76046,0.01092,0.86335,0.00258,0.85821,0.00384,0.79988,0.02304,0.81504,0.12068,0.83096,0.00744,0.81815,0.00854,0.82777,-0.06974,0.76531,0.03881,0.76979,0.01148,0.75071,0.01232,0.77138,-0.00303,0.70886,0.01375,0.66161,0.00849,0.66298,0.01484,0.63887,0.01525
1,0,1.0,0.54902,0.62745,1.0,0.01961,1.0,-0.4902,0.92157,-0.82353,0.58824,-1.0,0.11765,-0.96078,-0.33333,-0.64706,-0.68627,-0.23529,-0.86275,0.35294,-1.0,0.7451,-0.72549,0.92157,-0.21569,0.92874,0.21876,0.72549,0.56863,0.23529,0.90196,-0.11765,0.90196
1,0,1.0,-0.03245256540178476,1.0,-0.07764047536889851,0.9966303099437741,-0.10511969747018933,0.9986318551651414,-0.10035784185990926,0.9910563865424984,-0.13387867279226814,0.9719108041929647,-0.24461364696620974,0.9602055650502854,-0.23624714487014908,0.913740539423738,-0.34008847163274225,0.8994234505036984,-0.32522320372448643,0.9025560338954979,-0.3614942796555026,0.8914664591472065,-0.3907686431364141,0.855384323694145,-0.425829896158394,0.8309566611970097,-0.4298347965917223,0.8055477171118288,-0.41914856647934096,0.7831217389669296,-0.4682623954791567,0.7499669025884407,-0.49357101568291384
1,0,0.5,0.0,0.38696,0.10435,0.4913,0.06522,0.46957,-0.03913,0.35652,-0.12609,0.45652,0.04783,0.50435,0.02609,0.35652,0.19565,0.42174,0.14783,0.42174,-0.02609,0.32174,-0.11304,0.47391,-0.0087,0.41789,0.06908,0.38696,0.03913,0.35217,0.14783,0.44783,0.17391
1,0,0.9994257142163651,-0.05961053408433579,0.999405986842118,0.027303221430004243,0.9992375213287071,-0.05148785950114757,0.9987308722567763,-0.018718331714860603,0.9996881196071427,-0.11499949341763323,0.8481302184889581,-0.05386748425487795,0.9339127979427352,-0.06791891906884819,0.6995430403613437,-0.07510641081483167,0.6616785174304749,-0.20330457387704362,0.9470220499126492,-0.3111425933261228,0.810212483457223,-0.3124958882793646,0.8504331875467951,-0.3436363493259075,0.728197126071574,-0.2892230375524222,0.732647200704677,-0.3811531884139382,0.5506227131133513,-0.26184141910359227,0.6452376526648044,-0.3899898233708012
1,0,0.9482682470969266,0.034058612650362696,0.9663843063251814,-0.00234908922181893,0.9639926951446444,0.002330377628045506,0.9634204802285418,-0.04555602624711788,0.9646755398776727,-0.032891389281778684,0.9751468499493003,-0.023297005678587654,0.9830191736068026,-0.04503472555908474,0.9738512571500338,-0.045360926509876026,0.9464147194181814,-0.02057119518932475,0.9566475442107529,-0.05187267520418756,0.9496333911310413,-0.04798484734116439,0.9184492048629953,-0.09217673182430633,0.939575832154664,-0.0632153292946504,0.9061128334172925,-0.03758994590513836,0.9538202245897731,-0.08748345460949732,0.9251262462137347,-0.07194750412264211
1,0,1.0,0.67784,0.81309,0.82021,0.43019,1.0,0.20619,0.80541,-0.43872,1.0,-0.79135,0.77092,-1.0,0.40268,-0.39046,-0.58634,-0.97907,-0.42822,-0.73083,-0.76339,-0.37671,-0.97491,0.41366,-1.0,0.41778,-0.93296,0.25773,-1.0,0.9357,-0.35222,0.98816,0.03446
1,0,1.0,0.11765,1.0,0.23529,1.0,0.41176,1.0,0.05882,1.0,0.23529,1.0,0.11765,1.0,0.47059,1.0,-0.05882,1.0,-0.11765,1.0,0.35294,1.0,0.41176,1.0,-0.11765,1.0,0.20225,1.0,0.05882,1.0,0.35294,1.0,0.23529
1,0,1.0,0.03529,1.0,0.18281,1.0,0.26968,1.0,0.25068,1.0,0.28778,1.0,0.38643,1.0,0.31674,1.0,0.65701,1.0,0.53846,1.0,0.61267,1.0,0.59457,0.89593,0.68326,0.89502,0.71374,0.85611,0.67149,0.74389,0.85611,0.71493,0.75837
1,0,0.94649,0.00892,0.97287,-0.0026,0.98922,0.00372,0.95801,0.01598,0.94054,0.0353,0.97213,0.04719,0.98625,0.01858,0.94277,0.07135,0.98551,-0.00706,0.9777,0.0498,0.96358,0.07098,0.93274,0.08101,0.95243,0.04356,0.97473,0.00818,0.97845,0.07061,1.0,-0.0026
1,0,0.8867078752945191,0.3122941120559908,0.7877233158716246,0.41003445474225964,0.659924153139723,0.6505245805337475,0.4118476607653035,0.8611917851732993,0.1307144766416344,0.9363075827151742,-0.13854419063255288,0.8809356524786667,-0.3045116585932896,0.7919332319523906,-0.554788409822107,0.6410709421234593,-0.6873018386963994,0.46323216999391104,-0.7895051839135468,0.25773385731892784,-0.8467085332480294,-0.021811549620593687,-0.7691423241676741,-0.21521323265354944,-0.6768540365461528,-0.38051026805231575,-0.548768030344167,-0.5450376371141591,-0.35259445991020544,-0.6112944471213855,-0.22579314733199793,-0.689747908670014
1,0,1.0,0.63548,1.0,1.0,0.77123,1.0,-0.33333,1.0,-1.0,1.0,0.0,1.0,-1.0,1.0,-1.0,0.0,-1.0,-0.66667,-1.0,-0.92536,-1.0,-0.33333,-0.33333,-1.0,0.19235,-1.0,1.0,-1.0,0.0,-1.0,1.0,-0.66667
1,0,0.9851737594374981,0.5722990051541296,0.9504433429052532,0.9217078845134983,0.7133847882233272,0.9672824587643192,-0.2191180416696473,0.9900042442659261,-0.8210786756016957,0.9920295960622624,-0.09815262370704249,0.9658767731233302,-0.9391708253611687,0.9282393321441881,-0.9739532273091307,0.0764185611040594,-0.98297789547761,-0.5164071955781894,-0.9788398563865331,-0.7873636742707838,-0.9458707057387817,-0.37644878321234765,-0.3695617553381532,-0.947463538876352,0.10593360374523808,-0.9711418560271528,0.8082985810018167,-0.9732982110710958,0.07490266638175029,-0.9543713609168333,0.9155902407919161,-0.653367971826322
1,0,1.0,-0.92453,1.0,0.75472,0.49057,-0.0566,0.62264,0.0,1.0,-0.00054,0.45283,0.07547,0.62264,-0.0566,0.98878,-0.00085,0.5283,0.0,0.5283,0.07547,0.9519,-0.00112,1.0,0.79245,0.92192,-0.00128,0.9434,-1.0,1.0,0.43396,0.43396,-0.11321
1,0,0.8336666427551984,-0.2744046335420466,0.933688928565007,0.27655243895933573,0.8120800426962078,0.17889734085072936,0.7522870505435585,0.056841836094447554,0.937123611088176,0.042326592261913376,0.8076780753575536,0.26320943001934416,0.748572275228626,0.27861992322637175,0.6268012731416618,0.4435874156357109,0.6879268202226738,0.2505781266462973,0.6790525702035424,0.32570463001498573,0.8433844007822824,0.38212110511468417,0.6937811259055715,0.5387976781503759,0.6124625145660276,0.5155291906556909,0.5804073501862206,0.7242015967832975,0.403680782692488,0.6383988580500417,0.4508712747063276,0.5273042594071258
1,0,0.5409658304665158,0.0004649544769321952,0.5250323670297292,-0.04261073009613212,0.5152184727610347,-0.042541562125008835,0.5027782090966268,0.07310172566861771,0.5477726867543953,0.00588704373108901,0.5667383060927041,-0.08071025136518892,0.522871048508022,0.008349959263848614,0.5716201835048813,0.010017391178914689,0.5596008242669894,-0.015606748505027032,0.50389040764608,-0.017912492362905087,0.5786405367029809,-0.019583834884046893,0.5674167574798565,-0.013256954596732862,0.5479762227884891,-0.017040257514798398,0.49188998053789706,0.019238187822578374,0.5628052697641004,-0.04382320753426601,0.5552279513821606,-0.02567828613143181
1,0,0.23601669489500265,0.13902176645123224,0.35935937757424424,0.2629404448256278,0.11558444019295513,0.30257729257579213,0.011743397131538574,0.10271467413856197,-0.09809132658035069,0.12694626770861012,-0.1324562729825534,0.09928245073221227,-0.06900856958281552,-0.029945066213273752,-0.05418273799811667,-0.07445895287241605,0.023117753444669625,-0.03291406417587536,0.06745278461527521,-0.027534894442088412,0.05943340017110216,-0.04254729704455153,0.04649446055255685,0.05836366301123744,0.005246506206371154,0.0741839355106805,-0.011841912519860071,0.06265971122150502,-0.043100175601550536,0.039385994654167755,-0.07600373716274123,-0.0870448229275563
1,0,0.88853,0.01631,0.92007,0.01305,0.92442,0.01359,0.89179,-0.10223,0.90103,-0.08428,0.9304,-0.01033,0.93094,-0.08918,0.86025,-0.05057,0.89451,-0.04024,0.88418,-0.12126,0.88907,-0.11909,0.8298,-0.14138,0.86453,-0.11808,0.85536,-0.13051,0.83524,-0.12452,0.86786,-0.12235
1,0,0.90116,0.16607,0.79299,0.37379,0.7299,0.50515,0.59784,0.72997,0.44303,0.81152,0.24412,0.87493,0.06438,0.85038,-0.12611,0.87396,-0.28739,0.79617,-0.46635,0.65924,-0.57135,0.53805,-0.68159,0.39951,-0.71844,0.25835,-0.72369,0.11218,-0.71475,-0.05525,-0.67699,-0.19904
1,0,0.97588,-0.10602,0.94601,-0.208,0.92806,-0.2835,0.85996,-0.27342,0.79766,-0.47929,0.78225,-0.50764,0.74628,-0.61436,0.57945,-0.68086,0.37852,-0.73641,0.36324,-0.76562,0.31898,-0.79753,0.22792,-0.81634,0.13659,-0.8251,0.04606,-0.82395,-0.04262,-0.81318,-0.13832,-0.80975
1,0,0.5754,-0.03175,0.75198,-0.05357,0.61508,-0.0119,0.53968,0.03373,0.61706,0.09921,0.59127,-0.02381,0.62698,0.0119,0.70833,0.02579,0.60317,0.01587,0.47817,-0.02778,0.59127,0.0377,0.5,0.03968,0.61291,-0.01237,0.61706,-0.13492,0.68849,-0.01389,0.625,-0.03175
1,0,1.0,0.01709,0.96215,-0.03142,1.0,-0.03436,1.0,-0.05071,0.99026,-0.07092,0.99173,-0.09002,1.0,-0.15727,1.0,-0.14257,0.9831,-0.11813,1.0,-0.18519,1.0,-0.19272,0.98971,-0.22083,0.9649,-0.20243,0.94599,-0.17123,0.96436,-0.22561,0.87011,-0.23296
1,0,0.98455,-0.02736,0.98058,-0.04104,1.0,-0.07635,0.9872,0.01456,0.95278,-0.02604,0.985,-0.07458,0.99382,-0.07149,0.97396,-0.09532,0.97264,-0.12224,0.99294,-0.05252,0.95278,-0.08914,0.97352,-0.08341,0.96653,-0.12912,0.93469,-0.14916,0.97132,-0.15755,0.96778,-0.188
1,0,0.967528324451811,0.006178296839782084,0.9750336290993126,0.004726234775466676,0.9792157521053265,0.00726962871929825,0.9780133853847965,0.01601217155368222,0.9598183729994793,0.026168678597016545,0.9621190813073165,0.04748630425877419,0.9829754141368684,0.021285803511815166,0.9764855140910251,0.015003776659814875,0.9739282187800135,0.05796124714335788,0.9573648667248865,0.05941319115927143,0.9406007102079088,0.06956969820260575,0.9717174571656161,0.02858030369746579,0.962673528186407,0.059854249812171106,0.9431371534681503,0.08170049790556477,0.9751374771599326,0.04236763519696765,0.9657399647876849,0.08288884521051273
1,0,0.8941,0.13425,0.87001,0.31543,0.78896,0.43388,0.63388,0.59975,0.54003,0.71016,0.39699,0.76161,0.24266,0.79523,0.09134,0.79598,-0.09159,0.76261,-0.20201,0.66926,-0.30263,0.6261,-0.40552,0.50489,-0.46215,0.40753,-0.50314,0.27252,-0.52823,0.19172,-0.48808,0.05972
1,0,0.9918289867441674,0.0,0.9488839748302621,0.014072300607267147,0.6629213748683573,0.295823547752497,0.7724725337069102,0.0,0.8126364559480432,0.08701096860930703,0.846965416446801,0.11614871807526014,0.8251558559074905,0.13239602467655087,0.6948389187630183,0.2520450005673288,0.7193564530372573,0.33247625022846744,0.7305567638367814,0.05666674099534468,0.8588904663475696,-0.07699295200398137,0.610317667967222,0.37742131764228776,0.69735793338044,0.21309207382238302,0.7152709464093411,0.14989385134919797,0.6562589998668723,0.23406876449791392,0.6360390331668213,0.243530598905895
1,0,0.74084,0.04974,0.79074,0.02543,0.78575,0.03793,0.6623,0.09948,0.67801,0.31152,0.75934,0.07348,0.74695,0.08442,0.70681,-0.07853,0.63613,0.0,0.70021,0.11355,0.68183,0.12185,0.67016,0.15445,0.64158,0.13608,0.65707,0.17539,0.59759,0.14697,0.57455,0.15114
1,0,1.0,-0.00612,1.0,-0.09834,1.0,-0.07649,1.0,-0.10605,1.0,-0.11073,1.0,-0.39489,1.0,-0.15616,0.92124,-0.31884,0.86473,-0.34534,0.91693,-0.44072,0.9606,-0.46866,0.81874,-0.40372,0.82681,-0.42231,0.75784,-0.38231,0.80448,-0.40575,0.74354,-0.45039
1,0,1.0,0.00433,1.0,-0.01209,1.0,-0.0296,1.0,-0.07014,0.97839,-0.06256,1.0,-0.06544,0.97261,-0.07917,0.92561,-0.13665,0.94184,-0.14327,0.99589,-0.14248,0.94815,-0.13565,0.89469,-0.20851,0.89067,-0.17909,0.85644,-0.18552,0.83777,-0.20101,0.83867,-0.20766
1,0,0.97467,0.13082,0.9412,0.20036,0.88783,0.32248,0.89009,0.32711,0.8555,0.45217,0.72298,0.52284,0.69946,0.5882,0.58548,0.66893,0.48869,0.70398,0.44245,0.68159,0.35289,0.75622,0.26832,0.7621,0.16813,0.78541,0.07497,0.80439,-0.02962,0.77702,-0.10289,0.74242
1,0,1.0,-0.06604,1.0,0.62937,1.0,0.09557,1.0,0.2028,1.0,-1.0,1.0,-0.40559,1.0,-0.15851,1.0,0.04895,1.0,-0.61538,1.0,-0.26573,1.0,-1.0,1.0,-0.58042,1.0,-0.81372,1.0,-1.0,1.0,-0.78555,1.0,-0.48252
1,0,0.8658622479701871,-0.09324972652390734,0.8943159260801331,0.21874103896049468,0.8132658386084588,0.05874917226806889,0.8546799524729783,-0.05913742728450363,0.8938175193040772,0.13852699687592285,0.7976348874735009,-0.09417571270556145,0.9034637835924807,0.0045717422202005056,0.8711643814524093,-0.1833114873799359,0.8071855840392994,-0.15505637717257065,0.8009227939359314,-0.115078267319829,0.8882197255450772,-0.07110667641501872,0.8178970297804166,-0.017953811414475773,0.8485752666956224,-0.08259105572903083,0.8760202110554378,-0.15324063165288393,0.7061615820801168,0.021728638161487984,0.7326358980850123,-0.123311819617246
1,0,0.83609,0.13215,0.72171,0.06059,0.65829,0.08315,0.23888,0.12961,0.43837,0.2033,0.49418,0.12686,0.44747,0.13507,0.29352,0.02922,0.48158,0.15756,0.32835,0.14616,0.29495,0.14638,0.26436,0.1453,0.23641,0.14314,0.26429,0.16137,0.18767,0.13632,0.16655,0.13198
1,0,0.49515,0.09709,0.29612,0.05825,0.34951,0.0,0.57282,-0.02427,0.58252,0.02427,0.33495,0.04854,0.52427,0.00485,0.47087,-0.1068,0.43204,0.00485,0.34951,0.05825,0.18932,0.25728,0.31068,-0.15049,0.36547,0.03815,0.3932,0.17476,0.26214,0.0,0.37379,-0.01942
1,0,0.98002,0.00075,1.0,0.0,0.98982,-0.00075,0.94721,0.02394,0.977,0.0213,0.97888,0.03073,0.9917,0.02338,0.93929,0.05713,0.93552,0.05279,0.97738,0.05524,1.0,0.06241,0.94155,0.08107,0.96709,0.07255,0.95701,0.08088,0.9819,0.08126,0.97247,0.08616
1,0,0.87032,0.46972,0.53945,0.82161,0.1038,0.95275,-0.38033,0.87916,-0.73939,0.58226,-0.92099,0.16731,-0.82417,-0.24942,-0.59383,-0.63342,-0.24012,-0.82881,0.18823,-0.78699,0.51557,-0.5743,0.69274,-0.24843,0.69097,0.10484,0.52798,0.39762,0.25974,0.56573,-0.06739,0.57552
1,0,0.84843,0.06794,0.80562,-0.02299,0.77031,-0.03299,0.66725,-0.0662,0.59582,-0.07666,0.6726,-0.05771,0.6426,-0.06438,0.39199,0.0453,0.71254,0.01394,0.5597,-0.08039,0.5343,-0.08453,0.47038,-0.22822,0.48659,-0.09128,0.52613,-0.08537,0.44277,-0.09621,0.42223,-0.09808
1,0,0.62335,-0.0349,0.59085,0.00481,0.60409,-0.07461,0.63177,0.00963,0.62455,-0.07461,0.67028,0.0722,0.62936,-0.08424,0.67509,0.09146,0.67148,0.0,0.58965,0.10108,0.5006,0.03129,0.65945,0.14079,0.60463,0.02019,0.51384,0.04452,0.61733,-0.00963,0.61372,-0.09146
1,0,0.99449,0.00526,0.84082,-0.11313,0.88237,-0.16431,0.99061,-0.06257,0.96484,-0.07496,0.85221,0.02966,0.87161,-0.20848,0.93881,-0.12977,0.98298,-0.08935,0.89876,0.00075,0.87836,-0.05882,0.93368,-0.19872,0.87579,-0.17806,0.94294,-0.16581,0.80253,-0.25741,0.76586,-0.27794
1,0,1.0,-0.08714,1.0,-0.17263,0.86635,-0.81779,0.94817,0.61053,0.95473,-0.41382,0.88486,-0.31736,0.87937,-0.23433,0.81051,-0.6218,0.12245,-1.0,0.90284,0.11053,0.62357,-0.78547,0.55389,-0.82868,0.48136,-0.86583,0.4065,-0.89674,0.32984,-0.92128,-0.13341,-1.0
1,0,0.89563,0.37917,0.67311,0.69438,0.35916,0.88696,-0.04193,0.93345,-0.38875,0.84414,-0.67274,0.62078,-0.8268,0.30356,-0.8615,-0.05365,-0.73564,-0.34275,-0.51778,-0.62443,-0.23428,-0.73855,0.06911,-0.73856,0.33531,-0.62296,0.52414,-0.42086,0.61217,-0.17343,0.60073,0.0866
1,0,0.8147660873268848,0.3087548617498931,0.651064351405625,0.5540098237258937,0.39751611394432845,0.7096016206801841,0.12165642486012933,0.8530603974919373,-0.1995300286143493,0.8063223454678876,-0.47664986291897055,0.7166807227402078,-0.619712888180247,0.40949902942451766,-0.7793471100629167,0.14743160435080882,-0.727883210357274,-0.13269161624394352,-0.5935421930812306,-0.29894754333543805,-0.40427066819091345,-0.4552981525408165,-0.15920949818696387,-0.5808189854033609,0.0526323318179165,-0.5420165754899499,0.24246996212133023,-0.4278068887944957,0.3718259038865437,-0.26468751472108876,0.41367230963671353,-0.09305963180491056
1,0,0.44444,0.44444,0.53695,0.90763,-0.22222,1.0,-0.33333,0.88889,-1.0,0.33333,-1.0,-0.11111,-1.0,-0.22222,-0.66667,-0.77778,0.55556,-1.0,-0.22222,-0.77778,0.77778,-0.22222,0.33333,0.0,0.9212,0.45019,0.57454,0.84353,0.22222,1.0,-0.55556,1.0
1,0,0.9741671259631715,0.03292039537979216,1.0,-0.001665351578174143,0.9886965383249351,-0.004261202785349166,0.9820424886056346,-0.04343556363150755,0.998483887405729,-0.03194727264415402,1.0,-0.013435490036863007,1.0,-0.031792138499611704,1.0,-0.021184524783727184,0.9872393856648858,0.00951576949254384,1.0,-0.03794233329635892,1.0,-0.04419264350891102,0.9664686431233731,-0.07437003623947683,0.9931606476302886,-0.04001346005106755,0.974899913717069,-0.007783030158102985,1.0,-0.05485617715462311,0.986691900561399,-0.04636718554922439
1,0,0.397928373131682,-0.07098311156597255,0.6262903319575106,-0.02277560019649598,0.4531176676379082,-0.08170332216052816,0.44022621784573024,0.08140757176969617,0.5880936045156139,0.05176236588050734,0.663355453338798,0.03777879960700804,0.6689551180446492,-0.033265502941222894,0.6077322780359679,0.12593359510488028,0.49596157059261714,-0.0028354278440548986,0.38533267373033603,0.10315799490838429,0.6537728017665669,0.016028376468319925,0.3562889686228112,0.09351415235389493,0.5262407511970449,0.026006593818964505,0.4922843341170696,-0.038202475883151926,0.5609780760796479,0.013254139606523423,0.505242723332761,-0.042240905290534786
1,0,0.99539,-0.05889,0.85243,0.02306,0.83398,-0.37708,1.0,0.0376,0.85243,-0.17755,0.59755,-0.44945,0.60536,-0.38223,0.84356,-0.38542,0.58212,-0.32192,0.56971,-0.29674,0.36946,-0.47357,0.56811,-0.51171,0.41078,-0.46168,0.21266,-0.3409,0.42267,-0.54487,0.18641,-0.453
1,0,0.8950891478174849,-0.01305994740678161,0.9447856540823931,-0.02197848129296494,0.9499513207339446,-0.028457080087462068,0.8725049629276823,-0.055346033264693256,0.8642630558867133,-0.0665700882531806,0.8896973863257632,-0.002886515585917385,0.906843436439025,-0.08561734159885476,0.895193558558718,-0.031765030999457614,0.8516451455069035,-0.08290343011210201,0.8840739143114636,-0.057138438190131036,0.8807280883408701,-0.06757145234402198,0.9065029276094726,-0.09736874442843219,0.8875124157011463,-0.1089403820916987,0.835836577500145,-0.15318001231509543,0.9268832754959083,-0.10244015948841738,0.8930895855811759,-0.16499233839304941
1,0,0.94653,0.28713,0.72554,0.67248,0.47564,0.82455,0.01267,0.89109,-0.24871,0.84475,-0.47644,0.56079,-0.75881,0.41743,-0.66455,0.07208,-0.65426,-0.19525,-0.52475,-0.44,-0.30851,-0.55089,-0.04119,-0.64792,0.16085,-0.5642,0.36752,-0.41901,0.46059,-0.22535,0.50376,-0.0598
1,0,0.82624,0.08156,0.79078,-0.08156,0.90426,-0.01773,0.92908,0.01064,0.80142,0.08865,0.94681,-0.00709,0.94326,0.0,0.93262,0.20213,0.95035,-0.00709,0.91489,0.00709,0.80496,0.07092,0.91135,0.15957,0.89527,0.08165,0.7766,0.06738,0.92553,0.18085,0.92553,0.0
1,0,0.93147,0.29282,0.79917,0.55756,0.59952,0.71596,0.26203,0.92651,0.04636,0.96748,-0.23237,0.9513,-0.55926,0.81018,-0.73329,0.62385,-0.90995,0.362,-0.92254,0.0604,-0.93618,-0.19838,-0.83192,-0.46906,-0.65165,-0.69556,-0.41223,-0.85725,-0.1359,-0.93953,0.10007,-0.94823
1,0,0.7983,0.09417,0.78129,0.20656,0.71628,0.28068,0.6932,0.41252,0.65917,0.50122,0.57898,0.60814,0.4921,0.58445,0.33354,0.67861,0.29587,0.63548,0.09599,0.68104,0.02066,0.72236,-0.08748,0.63183,-0.11925,0.60696,-0.18226,0.56015,-0.25516,0.51701,-0.27339,0.42467
1,0,0.99645,0.06468,1.0,-0.01236,0.97811,0.02498,0.96112,0.02312,0.99274,0.07808,0.89323,0.10346,0.94212,0.05269,0.88809,0.1112,0.86104,0.08631,0.81633,0.1183,0.83668,0.14442,0.81329,0.13412,0.79476,0.13638,0.7911,0.15379,0.77122,0.1593,0.70941,0.12015
1,0,0.94331,0.19959,0.96132,0.40803,0.80514,0.56569,0.56687,0.7083,0.41836,0.8323,0.14939,0.89489,0.05167,0.93682,-0.24742,0.83939,-0.42811,0.75554,-0.50251,0.62563,-0.65515,0.50428,-0.68851,0.30912,-0.77097,0.15619,-0.75406,-0.04399,-0.75199,-0.17921,-0.66932,-0.34367
1,0,0.95559,-0.00155,0.86421,-0.13244,0.94982,-0.00461,0.82809,-0.51171,0.92441,0.10368,1.0,-0.14247,0.99264,-0.02542,0.95853,-0.15518,0.84013,0.61739,1.0,-0.16321,0.87492,-0.08495,0.85741,-0.01664,0.84132,-0.01769,0.82427,-0.01867,0.80634,-0.01957,0.78761,-0.02039
1,0,0.34694,0.20408,0.46939,0.2449,0.40816,0.20408,0.46939,0.44898,0.30612,0.59184,0.12245,0.55102,0.0,0.5102,-0.06122,0.55102,-0.20408,0.55102,-0.28571,0.44898,-0.28571,0.32653,-0.61224,0.22449,-0.46579,0.14895,-0.59184,0.18367,-0.34694,0.0,-0.26531,-0.2449
1,0,1.0,-1.0,0.0,0.0,0.77941,-0.99265,0.80882,0.55147,-0.41912,-0.94853,0.0,0.0,0.0,0.0,0.72059,-0.77206,0.73529,-0.60294,0.0,0.0,0.18382,-1.0,-1.0,-1.0,-1.0,-1.0,1.0,-1.0,1.0,-1.0,0.0,0.0
1,0,-1.0,0.28105,0.22222,0.15033,-0.75693,-0.70984,-0.30719,0.71242,-1.0,1.0,-0.81699,0.33987,-0.79085,-0.02614,-0.98039,-0.83007,-0.60131,-0.54248,-0.04575,-0.83007,0.94118,-0.94118,-1.0,-0.43137,0.74385,0.09176,-1.0,0.05229,0.18301,0.02614,-0.40201,-0.48241
1,0,1.0,-0.18829,0.93035,-0.36156,-0.10868,-0.93597,1.0,-0.04549,0.50874,-0.67743,0.34432,-0.69707,-0.51685,-0.97515,0.05499,-0.62237,0.33109,-1.0,-0.13151,-0.453,-0.18056,-0.35734,-0.20332,-0.26569,-0.20468,-0.18401,-0.1904,-0.11593,-0.16626,-0.06288,-0.13738,-0.02447
0,0,0.0,0.0,0.0,0.0,0.0,0.0,0.0,0.0,0.0,0.0,0.0,0.0,0.0,0.0,0.0,0.0,0.0,0.0,0.0,0.0,0.0,0.0,0.0,0.0,1.0,-1.0,0.0,0.0,0.0,0.0,0.0,0.0
1,0,0.62121,-0.63636,0.0,0.0,0.0,0.0,0.3447,0.28788,0.42803,0.39394,-0.07576,0.51894,0.36364,0.31439,-0.53788,0.32955,0.12121,-0.14773,0.01894,-0.53409,-0.57576,0.17803,0.29167,-0.27273,0.25758,-0.57576,0.43182,0.24242,0.18182,-0.02273,0.17045,-0.41667
1,0,0.72727,-0.05,0.89241,0.03462,1.0,0.72727,0.66364,-0.05909,0.48182,-0.16818,0.81809,0.09559,0.56818,1.0,0.50455,0.21818,0.66818,0.1,1.0,-0.3,0.98636,-1.0,0.57273,0.32727,0.56982,0.14673,0.42273,0.08182,0.48927,0.14643,1.0,1.0
1,0,0.84783,0.10598,1.0,0.3913,1.0,-1.0,0.66938,0.08424,1.0,0.27038,1.0,0.60598,1.0,0.35507,1.0,0.02672,0.58424,-0.43025,1.0,0.63496,0.8913,0.26585,0.91033,-0.33333,1.0,0.15942,0.37681,-0.01947,1.0,0.22464,1.0,0.37409
0,0,0.0,0.0,-1.0,1.0,1.0,1.0,-1.0,-1.0,0.0,0.0,-1.0,-1.0,-1.0,-0.3125,-1.0,-1.0,1.0,-1.0,1.0,-1.0,0.0,0.0,1.0,-1.0,-1.0,-1.0,0.0,0.0,1.0,-1.0,0.0,0.0
0,0,1.0,-1.0,1.0,1.0,1.0,-1.0,1.0,1.0,1.0,-1.0,1.0,1.0,1.0,-1.0,1.0,-1.0,1.0,1.0,1.0,1.0,1.0,-1.0,1.0,-1.0,1.0,-1.0,1.0,1.0,1.0,-1.0,1.0,1.0
0,0,1.0,-1.0,1.0,1.0,-1.0,-1.0,1.0,-1.0,0.0,0.0,0.0,0.0,-1.0,1.0,1.0,-1.0,1.0,-1.0,-0.75,1.0,1.0,-1.0,1.0,-1.0,1.0,-1.0,-1.0,-1.0,0.0,0.0,1.0,-1.0
1,0,0.0546,0.01437,-0.02586,0.04598,0.01437,0.04598,-0.07759,0.00862,0.01724,-0.06609,-0.03736,0.0431,-0.08333,-0.04598,-0.09483,0.08046,-0.04023,0.05172,0.02011,0.02299,-0.03736,-0.01149,0.03161,-0.00862,0.00862,0.01724,0.02586,0.01149,0.02586,0.01149,-0.04598,-0.00575
1,0,0.0,0.0,1.0,-1.0,0.0,0.0,0.0,0.0,1.0,1.0,1.0,-0.25342,1.0,0.23288,1.0,-1.0,0.0,0.0,0.0,0.0,1.0,1.0,0.0,0.0,1.0,-1.0,0.0,0.0,1.0,-1.0,0.0,0.0
1,0,0.01667,-0.35625,0.0,0.0,0.0,0.0,0.0,0.0,0.0,0.0,0.0,0.0,0.12292,-0.55,0.22813,0.82813,1.0,-0.42292,0.0,0.0,0.08333,-1.0,-0.10625,-0.16667,1.0,-0.76667,-1.0,0.18854,0.0,0.0,1.0,-0.27292
1,0,-0.67935,-1.0,-1.0,1.0,1.0,0.63317,0.03515,-1.0,-1.0,-1.0,1.0,1.0,0.88683,-1.0,-1.0,1.0,0.8384,1.0,1.0,-1.0,-1.0,-1.0,-0.18856,1.0,1.0,-1.0,-1.0,-1.0,-1.0,1.0,1.0,0.33611
0,0,0.0,0.0,-1.0,-1.0,1.0,1.0,-1.0,1.0,-1.0,1.0,1.0,-1.0,1.0,1.0,-1.0,-1.0,-1.0,1.0,1.0,-1.0,-1.0,1.0,-1.0,1.0,1.0,-1.0,-1.0,1.0,-1.0,-1.0,1.0,-1.0
1,0,0.1859,-0.16667,0.0,0.0,0.0,0.0,0.0,0.0,0.0,0.0,0.11538,-0.19071,0.0,0.0,0.0,0.0,0.0,0.0,0.0,0.0,-0.05128,-0.06571,0.07853,0.08974,0.17308,-0.10897,0.125,0.09615,0.02564,-0.04808,0.16827,0.19551
0,0,-1.0,1.0,-1.0,-1.0,0.0,0.0,-1.0,1.0,1.0,-1.0,-1.0,-1.0,-1.0,1.0,0.0,0.0,-1.0,-1.0,-1.0,1.0,0.0,0.0,1.0,-1.0,1.0,1.0,1.0,-1.0,1.0,1.0,0.0,0.0
1,0,0.03852,0.02568,0.00428,0.0,0.01997,-0.01997,0.0214,-0.04993,-0.0485,-0.01284,0.01427,-0.02282,0.0,-0.03281,-0.04708,-0.02853,-0.01712,0.03566,0.0214,0.00428,0.05136,-0.02282,0.05136,0.01854,0.03994,0.01569,0.01997,0.00713,-0.02568,-0.01854,-0.01427,0.01997
0,0,1.0,-1.0,-1.0,1.0,-1.0,1.0,1.0,1.0,1.0,1.0,-1.0,-1.0,-1.0,-1.0,1.0,1.0,1.0,-1.0,-1.0,-1.0,-1.0,-1.0,1.0,0.0,1.0,-1.0,1.0,-1.0,-1.0,1.0,-1.0,1.0
0,0,1.0,-1.0,1.0,1.0,1.0,1.0,1.0,1.0,1.0,1.0,1.0,-1.0,1.0,1.0,1.0,1.0,1.0,-1.0,1.0,-1.0,1.0,-1.0,1.0,-1.0,1.0,1.0,1.0,-1.0,1.0,1.0,1.0,1.0
1,0,0.38521,0.15564,0.41245,0.07393,0.26459,0.24125,0.23346,0.1323,0.19455,0.25292,0.24514,0.36965,0.08949,0.22957,-0.03891,0.36965,0.05058,0.24903,0.24903,0.09728,0.07782,0.29961,-0.02494,0.28482,-0.06024,0.26256,-0.14786,0.14786,-0.09339,0.31128,-0.19066,0.28794
1,0,0.01975,0.00705,0.0409,-0.00846,0.02116,0.01128,0.01128,0.04372,0.00282,0.00141,0.01975,-0.03103,-0.01975,0.06065,-0.0409,0.0268,-0.02398,-0.00423,0.04372,-0.02539,0.01834,0.0,0.0,-0.01269,0.01834,-0.01128,0.00564,-0.01551,-0.01693,-0.02398,0.00705,0.0
1,0,0.43636,-0.12727,0.58182,-0.14545,0.18182,-0.67273,0.34545,-0.03636,0.29091,-0.05455,0.29091,0.29091,0.36364,-0.41818,0.2,-0.01818,0.36364,0.05455,0.12727,0.49091,0.61818,0.16364,0.32727,0.16364,0.41098,-0.07027,0.34545,-0.05455,0.12727,-0.36364,0.29091,-0.29091
1,0,-1.0,-0.59677,0.0,0.0,-1.0,0.64516,-0.87097,1.0,0.0,0.0,0.0,0.0,0.0,0.0,0.0,0.0,0.0,0.0,-1.0,-1.0,0.0,0.0,0.29839,0.23387,1.0,0.51613,0.0,0.0,0.0,0.0,0.0,0.0
1,0,0.0,0.0,0.0,0.0,0.0,0.0,-1.0,1.0,0.0,0.0,1.0,0.37333,-0.12,-0.12,0.0,0.0,-1.0,-1.0,0.0,0.0,1.0,-1.0,0.0,0.0,1.0,0.22667,0.0,0.0,0.0,0.0,0.0,0.0
1,0,-1.0,-1.0,-0.50694,1.0,1.0,-1.0,1.0,0.53819,0.0,0.0,0.23958,-1.0,1.0,1.0,0.0,0.0,1.0,1.0,1.0,1.0,0.0,0.0,-0.71528,1.0,0.33333,-1.0,1.0,-1.0,0.69792,-1.0,0.47569,1.0
1,0,0.0,0.0,0.0,0.0,0.0,0.0,0.0,0.0,0.0,0.0,-1.0,1.0,1.0,0.55172,0.0,0.0,0.0,0.0,0.0,0.0,0.0,0.0,0.0,0.0,1.0,1.0,0.0,0.0,0.0,0.0,0.0,0.0
1,0,0.0,0.0,-0.33672,0.85388,0.0,0.0,0.68869,-1.0,0.97078,0.31385,-0.26048,-0.59212,-0.30241,0.65565,0.94155,0.16391,0.0,0.0,0.0,0.0,-0.18043,-1.0,0.0,0.0,1.0,-1.0,0.0,0.0,0.04447,0.61881,0.0,0.0
1,0,-1.0,-1.0,1.0,1.0,1.0,-0.14375,0.0,0.0,-1.0,1.0,1.0,1.0,0.17917,-1.0,-1.0,-1.0,0.0875,-1.0,1.0,-1.0,-1.0,1.0,-1.0,-1.0,1.0,-1.0,-1.0,-1.0,1.0,1.0,0.0,0.0
1,0,1.0,-1.0,1.0,1.0,1.0,1.0,1.0,-0.5,1.0,1.0,1.0,1.0,1.0,1.0,0.0,0.0,1.0,1.0,1.0,1.0,1.0,-1.0,1.0,1.0,1.0,0.625,1.0,-0.75,-0.75,1.0,1.0,1.0
1,0,0.0,0.0,0.98919,-0.22703,0.18919,-0.05405,0.0,0.0,0.93243,0.07297,1.0,-0.2,1.0,0.07027,1.0,-0.11351,0.0,0.0,1.0,-0.21081,1.0,-0.41622,0.0,0.0,1.0,-0.17568,0.0,0.0,1.0,-0.25946,0.28919,-0.15676
1,0,0.63816,1.0,0.20833,-1.0,1.0,1.0,0.87719,0.30921,-0.66886,1.0,-0.05921,0.58772,0.01754,0.05044,-0.51535,-1.0,0.14254,-0.03289,0.32675,-0.4386,-1.0,1.0,0.80921,-1.0,1.0,-0.0614,1.0,1.0,0.20614,-1.0,1.0,1.0
1,0,0.41932,0.12482,0.35,0.125,0.23182,0.27955,-0.03636,0.44318,0.04517,0.36194,-0.19091,0.33636,-0.1335,0.27322,0.02727,0.40455,-0.34773,0.12727,-0.20028,0.05078,-0.18636,0.36364,-0.14003,-0.04802,-0.09971,-0.07114,-1.0,-1.0,-0.02916,-0.07464,-0.00526,-0.06314
0,0,1.0,-1.0,1.0,1.0,1.0,1.0,1.0,1.0,1.0,1.0,1.0,-1.0,1.0,-1.0,1.0,1.0,1.0,-1.0,1.0,1.0,1.0,1.0,1.0,-1.0,1.0,1.0,1.0,-1.0,1.0,1.0,1.0,-1.0
0,0,-1.0,-1.0,1.0,1.0,1.0,-1.0,-1.0,1.0,1.0,-1.0,-1.0,-1.0,0.0,0.0,1.0,1.0,-1.0,-1.0,1.0,-1.0,1.0,-1.0,1.0,1.0,1.0,-1.0,1.0,-1.0,-1.0,1.0,1.0,-1.0
1,0,1.0,1.0,1.0,0.5125,0.625,-1.0,1.0,1.0,0.025,0.03125,1.0,1.0,0.0,0.0,1.0,-1.0,1.0,1.0,1.0,1.0,0.3125,1.0,1.0,1.0,1.0,1.0,1.0,1.0,-0.94375,1.0,0.0,0.0
0,0,-1.0,1.0,1.0,1.0,0.0,0.0,1.0,-1.0,1.0,-1.0,1.0,-1.0,-1.0,-1.0,0.0,0.0,-1.0,-1.0,0.0,0.0,0.0,0.0,-1.0,-1.0,1.0,-1.0,1.0,1.0,-1.0,-1.0,0.0,0.0
0,0,1.0,1.0,1.0,-1.0,0.0,0.0,0.0,0.0,-1.0,-1.0,0.0,0.0,0.0,0.0,-1.0,1.0,1.0,1.0,-1.0,1.0,-1.0,1.0,1.0,-1.0,1.0,1.0,-1.0,1.0,1.0,1.0,0.0,0.0
1,0,0.0,0.0,0.0,0.0,0.0,0.0,0.0,0.0,0.62195,1.0,0.0,0.0,0.0,0.0,0.36585,-0.71951,0.56098,-1.0,0.0,0.0,0.0,0.0,0.0,0.0,1.0,0.10976,0.0,0.0,0.0,0.0,0.0,0.0
1,0,0.08696,0.00686,0.13959,-0.04119,0.10526,-0.08238,0.12586,-0.06178,0.23341,-0.01144,0.12357,0.0778,0.14645,-0.13501,0.29062,-0.04805,0.18993,0.07323,0.1167,0.0,0.11213,-0.00229,0.15103,-0.10297,0.08467,0.01373,0.11213,-0.06636,0.09611,-0.07323,0.1167,-0.06865
1,0,0.39179,-0.06343,0.97464,0.04328,1.0,1.0,0.35821,0.15299,0.54478,0.1306,0.61567,-0.8209,0.57836,0.6791,0.66791,-0.10448,0.46642,-0.11567,0.65574,0.14792,0.83209,0.45522,0.47015,0.16418,0.49309,0.1463,0.32463,-0.02612,0.39118,0.13521,0.34411,0.12755
0,0,0.0,0.0,1.0,1.0,0.0,0.0,1.0,1.0,0.0,0.0,1.0,-1.0,0.0,0.0,0.0,0.0,0.0,0.0,0.0,0.0,0.0,0.0,0.0,0.0,1.0,-1.0,0.0,0.0,-1.0,1.0,0.0,0.0
1,0,0.0,0.0,0.0,0.0,0.0,0.0,0.0,0.0,1.0,-0.33333,0.16667,0.26042,0.0,0.0,0.0,0.0,0.0,0.0,-0.19792,-0.21875,-0.16667,0.90625,-1.0,0.5,0.04167,0.75,-0.22917,-1.0,-0.125,-0.27083,-0.19792,-0.9375
0,0,0.0,0.0,0.0,0.0,0.0,0.0,0.0,0.0,0.0,0.0,-1.0,-1.0,0.0,0.0,1.0,0.75,0.0,0.0,0.0,0.0,-1.0,1.0,0.0,0.0,1.0,-1.0,-1.0,-1.0,1.0,1.0,0.0,0.0
1,0,1.0,-0.09524,-1.0,-1.0,-1.0,-1.0,1.0,0.31746,0.81349,0.7619,-1.0,-1.0,-1.0,1.0,0.47364,1.0,1.0,1.0,0.68839,-1.0,-1.0,-1.0,0.82937,0.36508,1.0,1.0,1.0,0.50794,-1.0,-0.3254,-1.0,0.72831
