104.28774446430353,26.80454775887476,0
220.8485460005756,207.62954764557486,0
228.29130943158526,112.32038178558513,0
33.20059120183379,-1.9531445496669448,0
155.81830659065844,169.5383722004908,0
282.4366367620122,165.39335342279782,0
40.99670468211045,72.38150664134265,0
170.5176780746616,64.24134221241533,0
293.13539346348625,235.73285896257312,0
19.45957474565023,-4.306528139279976,0
139.68163743010876,63.91588813100893,0
262.04631957241685,218.74265909990936,0
85.57905680283281,57.56987516378172,0
256.7081450612572,145.27819919194576,0
148.5029838067053,132.58617325749134,0
141.6561220134706,149.58617880354979,0
80.47378094231655,72.17279331909957,0
255.0860410661778,155.08694256578246,0
200.9834604389019,148.74092959855523,0
146.76746309862156,61.73919455114268,0
269.1321452409297,216.5659655200431,0
35.02242162213062,13.513482358076743,0
193.96040835152593,118.0014181214249,0
85.75524709697405,105.30939218697048,0
255.14274942268,195.4148036058751,0
83.90024445125124,27.050757497525737,0
206.26492659355938,181.87752846642616,0
145.0825855224053,104.46414298197594,0
179.7091023894076,117.41370129242668,0
108.07724572194292,54.382840152419966,0
53.97466509466696,48.03682718519276,0
228.58692521852822,130.95097643187563,0
120.38176396397634,118.25895049742121,0
289.76926628968226,208.36436191632583,0
179.7658107459098,157.74156233251932,0
118.58346967475572,80.32817684806915,0
277.5214564041511,184.81611261141728,0
223.4188757768751,178.47009964419007,0
167.46129250387634,93.8654519875181,0
-26.818168684965983,229.21735087001832,0
-126.80737540772701,249.30199940700288,0
-90.86881969326747,142.6896437859894,0
-69.96418221784279,90.33722213096088,0
-135.97057441037202,305.46944568394434,0
-104.45567023800069,368.28236998635373,0
-107.0768817795803,196.56807528978308,0
-64.00751883856307,315.7083820373499,0
-50.1570379978365,57.34312000523167,0
-14.132538140487071,174.19441197965074,0
-98.7292554313425,233.0079132817683,0
-44.011133864518385,150.89799741706065,0
-94.27052709535701,334.3455532409172,0
-82.93626611453614,213.16713874753572,0
-19.76430884731066,133.80404061060537,0
-30.44750871570478,80.38840290325363,0
-52.52744961187217,272.9920178197012,0
-73.89384934866038,166.16074240499773,0
-107.24557117869625,355.10193368440883,0
-101.8102511740706,194.54849534245795,0
-47.09212960724652,112.43857947775028,0
-71.99001573688103,304.1265884849387,0
-49.32149377523925,61.76975949817586,0
-82.67321560527515,250.710950777587,0
-15.743998026760195,172.56866051966875,0
-125.18024116040836,336.78849224908413,0
-4.409737045939281,51.39024602628734,0
-54.66913027677791,234.83780185014385,0
-76.03553001356612,128.00652643544038,0
-109.38725184360203,316.9477177148515,0
-2.180372877946553,102.05906600586177,0
-111.61661601159476,266.2788977352771,0
-56.89849444477064,184.16898187056944,0
-59.584914423607266,202.02528197633595,0
-21.774464257585905,114.42173065607366,0
-32.457664125980024,61.00609294872194,0
-57.355550255614546,252.69410195591036,0
-78.72194999240276,145.8628265412069,0
-112.07367182243863,334.804017820618,0
-89.46762990774926,217.28802696427303,0
-46.45287971943617,-25.062992488132302,0
-396.45287971943617,-2.8407702659101215,0
-230.82787971943617,46.5419457834726,0
-280.82787971943617,-42.34694310541627,0
-118.32787971943617,39.1345383760652,0
-43.32787971943617,28.023427264954105,0
-12.077879719436169,-12.717313475786616,0
-362.07787971943617,25.55429146248493,0
-337.07787971943617,-30.001264093070606,0
-287.07787971943617,40.36910627729975,0
-51.289125829935074,22.138760658061134,0
-241.28912582993507,-31.194572675272216,0
-146.28912582993507,-4.527906008605547,0
-98.78912582993507,-22.30568378638331,0
-288.7891258299351,4.360982880283333,0
-193.78912582993507,33.990612509912964,0
-21.601625829935074,7.323945843246329,0
-211.60162582993507,16.212834732135196,0
-306.6016258299351,-10.453831934531491,0
-69.10162582993507,25.101723621024096,0
-259.1016258299351,-28.231609712309254,0
-164.10162582993507,-1.5649430456425817,0
-45.351625829935074,-16.379757860457385,0
-235.35162582993507,10.286908806209265,0
-140.35162582993507,19.175797695098165,0
-92.85162582993507,-7.490868971568498,0
-282.8516258299351,28.06468658398703,0
-187.85162582993507,-25.26864674934628,0
-377.8516258299351,1.3980199173203594,0
-223.47662582993507,-15.39210353946975,0
-128.47662582993507,11.274563127196933,0
-318.4766258299351,20.16345201608579,0
-270.9766258299351,-6.503214650580871,0
-175.97662582993507,29.0523409049747,0
-57.226625829935074,2.3856742383080527,0
-247.22662582993507,32.015303867937654,0
-152.22662582993507,-21.318029465395664,0
-342.2266258299351,5.34863720127098,0
-104.72662582993507,14.237526090159898,0
-199.72662582993507,-12.429140576506787,0
-64.9117467313333,-322.8708967204357,0
-126.95439093293177,-250.1389084010527,0
-23.10247178048391,-218.1660534103787,0
-127.97523359649057,-289.23704992184264,0
12.682782750256479,-72.07405380638401,0
-96.88655445486205,-141.61904046908276,0
-4.622772591474707,-145.31080483947702,0
-63.14298525123928,-73.72332390666786,0
-46.93522107257709,-269.5670738633993,0
12.026308036284362,-52.145835537268084,0
-19.914726548911545,-135.0376985999556,0
-103.98946258135562,-307.4979835127029,0
-66.76759348080867,-269.6476462627559,0
-62.772486116392756,-171.0568240313844,0
-129.9395507480341,-349.01074439968625,0
-56.87354514019753,-210.43184787995384,0
-61.332273476183005,-109.09420792080502,0
-69.32248820501479,-306.27585238354806,0
-21.292459142168894,-72.15947658011714,0
-116.63897610848149,-240.957337855828,0
-36.55934744045329,-167.08787517445225,0
-120.63408347289737,-339.54816008719956,0
-33.67892216003375,-43.16264295329353,0
-41.66913688886556,-240.34428741603656,0
-37.67402952444965,-141.75346518466506,0
-130.20260125729513,-311.466932369635,0
-6.088050890836925,-102.07191611619986,0
-90.162786923281,-274.53220102894716,0
-95.56083033708884,-172.88935910004525,0
-81.40534154243798,-186.8533416538536,0
-1.3257128744098026,-112.98387897247785,0
-85.40044890685388,-285.4441638852251,0
-53.81447027324116,-245.76261481675994,0
-49.819362908825255,-147.17179258538843,0
-74.65476899150737,-214.018963462159,0
-53.75199022628874,-120.92177668634211,0
-13.71217589227465,-83.98704534565424,0
-106.24074762512012,-253.7005125306242,0
-26.161118957091922,-179.83104984924844,0
-110.23585498953602,-352.2913347619957,0
38.00622937779926,-66.79548996694447,0
217.8580706962644,-202.04353097117666,0
318.3526118768416,-233.8548230545924,0
304.35347741814246,-184.00760044718768,0
161.86368721921107,-167.46526944071744,0
68.67229293613144,-104.33578779623991,0
161.37072063643197,-61.81242868864605,0
12.466330301066591,-0.9333618150130008,0
292.8127128001089,-167.99269490266093,0
204.46824993160448,-204.52333553340335,0
127.26851382924275,-106.20926361745316,0
275.75698496232746,-225.0797237252448,0
195.36049027476838,-133.70643849884834,0
97.60484461652712,-106.63188821995043,0
282.666620336699,-175.16351312218978,0
74.85081077818306,-57.1383022193927,0
211.14818038223868,-192.78837406236843,0
165.6401127055506,-93.80120206125295,0
303.67906824232466,-227.05418651348813,0
190.50024351416496,-89.88860252326913,0
97.96935565407901,-55.62279007214943,0
230.78355339269774,-196.06703669660635,0
208.0295195543537,-146.5734506960486,0
108.532287963394,-121.89598780789127,0
293.5940636835659,-190.42761271013063,0
28.135793275834914,-30.52270258149484,0
176.62426440891963,-149.39316268928647,0
131.11619673223151,-50.40599068817099,0
269.1551522690056,-183.65897514040614,0
56.114584912334294,-72.8250264098308,0
241.1763606325062,-141.35665131207017,0
148.64547277242025,-107.0908388609505,0
31.880875285140462,-5.165082714843891,0
169.91983082191453,-138.41806716707904,0
87.83845855813921,-89.76973037151585,0
65.08442471979515,-40.27614437095811,0
197.8986224584139,-180.72039099541502,0
152.3905547817258,-81.73321899429955,0
290.42951031849987,-214.98620344653472,0
208.29142969822237,-126.01000561087885,0
279.75742384791374,-317.696508327932,1
-257.74257615208626,255.63682500540122,1
172.25742384791374,-31.029841661265387,1
-42.74257615208626,-349.5483601797839,1
387.25742384791374,223.7849731535494,1
-392.11757615208626,-62.881693513117234,1
37.88242384791374,-158.4372490686728,1
-177.11757615208626,414.89608426466043,1
252.88242384791374,128.2294175979938,1
-284.61757615208626,-253.99280462422828,1
145.38242384791374,319.34052870910483,1
-69.61757615208626,32.673862042438216,1
360.38242384791374,-381.40021203163576,1
-338.36757615208626,191.9331213016976,1
-123.36757615208626,-190.28910092052465,1
306.63242384791374,383.04423241280864,1
-230.86757615208626,96.37756574614201,1
199.13242384791374,-285.84465647608016,1
-15.867576152086258,287.48867685725304,1
414.13242384791374,0.8220101905864152,1
-405.55507615208626,-428.58814070104586,1
24.444923847913742,144.7451926322873,1
-190.55507615208626,-141.92147403437923,1
239.44492384791374,-237.47702958993477,1
-298.05507615208626,335.8563037433984,1
131.94492384791374,49.18963707673182,1
346.94492384791374,240.30074818784283,1
-351.80507615208626,-46.36591847882368,1
78.19492384791374,-364.88443699734216,1
-136.80507615208626,208.44889633599104,1
293.19492384791374,-78.21777033067553,1
-244.30507615208626,-173.77332588623108,1
185.69492384791374,399.5600074471021,1
400.69492384791374,-269.32888144178656,1
-378.68007615208626,304.0044518915465,1
-163.68007615208626,-396.736288849194,1
-271.18007615208626,-110.06962218252738,1
158.81992384791374,-205.62517773808293,1
-56.18007615208626,367.7081555952502,1
373.81992384791374,81.04148892858362,1
-324.93007615208626,-301.18073329363847,1
105.06992384791374,272.1526000396946,1
320.06992384791374,-407.35357279981133,1
-217.43007615208626,165.9797605335219,1
-2.430076152086258,-216.24246168870022,1
427.56992384791374,357.090871644633,1
-427.39101365208626,70.42420497796638,1
2.608986347913742,-311.79801724425573,1
-212.39101365208626,261.5353160890774,1
217.60898634791374,-25.131350577589114,1
-319.89101365208626,-343.64986909610764,1
110.10898634791374,229.6834642372256,1
-104.89101365208626,-56.983202429440965,1
325.10898634791374,-152.53875798499652,1
-373.64101365208626,420.7945753483367,1
56.35898634791374,134.12790868167008,1
-158.64101365208626,-248.094313540552,1
271.35898634791374,325.2390197927811,1
-266.14101365208626,38.57235312611449,1
163.85898634791374,-375.5017209479595,1
378.85898634791374,-88.83505428129281,1
-400.51601365208626,-184.39060983684837,1
29.483986347913742,388.9427234964848,1
-185.51601365208626,102.27605682981819,1
244.48398634791374,-279.94616539240394,1
-293.01601365208626,293.3871679409292,1
136.98398634791374,6.7205012742626895,1
-78.01601365208626,-417.9708567504286,1
351.98398634791374,155.36247658290455,1
-346.76601365208626,-131.30419008376194,1
83.23398634791374,-226.85974563931745,1
-131.76601365208626,346.47358769401575,1
298.23398634791374,59.806921027349155,1
-239.26601365208626,-322.41530119487305,1
190.73398634791374,250.91803213846015,1
405.73398634791374,-354.2671530467249,1
-413.95351365208626,219.06618028660836,1
16.046486347913742,-67.60048638005824,1
-198.95351365208626,-163.15604193561379,1
231.04648634791374,410.1772913977194,1
-306.45351365208626,123.51062473105276,1
123.54648634791374,-258.71159749116936,1
338.54648634791374,27.95506917549716,1
-360.20351365208626,-386.11900489857675,1
69.79648634791374,187.21432843475657,1
-145.20351365208626,-99.45233823191009,1
-252.70351365208626,378.32543954586754,1
-37.70351365208626,-290.56344934302115,1
392.29648634791374,282.76988399031194,1
42.92148634791374,-421.50995140063435,1
-172.07851365208626,151.82338193269882,1
257.92148634791374,-134.8432847339677,1
-279.57851365208626,-230.39884028952324,1
150.42148634791374,342.93449304380994,1
-64.57851365208626,56.267826377143315,1
365.42148634791374,-325.9543958450788,1
-333.32851365208626,247.3789374882543,1
-225.82851365208626,-71.139581030264,1
-10.828513652086258,406.63819674751363,1
419.17148634791374,119.97153008084702,1
-420.67226365208626,-262.2506921413751,1
9.327736347913742,311.08264119195803,1
224.32773634791374,-389.6580995487825,1
-313.17226365208626,183.67523378455073,1
331.82773634791374,374.7863448956617,1
-366.92226365208626,88.11967822899511,1
63.07773634791374,-294.10254399322696,1
-151.92226365208626,279.2307893401061,1
278.07773634791374,-7.435877326560291,1
-259.42226365208626,-400.2753834993998,1
170.57773634791374,173.05794983393338,1
385.57773634791374,-209.16427238828868,1
-393.79726365208626,364.16906094504446,1
36.20273634791374,77.50239427837788,1
-178.79726365208626,-304.7198279438442,1
251.20273634791374,268.61350538948886,1
143.70273634791374,-336.57167979569607,1
358.70273634791374,-49.90501312902943,1
-340.04726365208626,-145.46056868458498,1
89.95273634791374,427.87276464874816,1
-125.04726365208626,141.2060979820816,1
304.95273634791374,-241.01612424014053,1
-232.54726365208626,332.31720909319256,1
197.45273634791374,45.65054242652598,1
-17.547263652086258,-368.4235316475479,1
412.45273634791374,204.90980168578528,1
-407.23476365208626,-81.75686498088128,1
22.765236347913742,-177.31242053643683,1
-192.23476365208626,396.0209127968963,1
237.76523634791374,109.35424613022968,1
-299.73476365208626,-272.8679760919924,1
130.26523634791374,300.4653572413407,1
345.26523634791374,-410.8926674500171,1
-353.48476365208626,162.44066588331606,1
76.51523634791374,-124.22600078335041,1
-138.48476365208626,-219.78155633890597,1
291.51523634791374,353.55177699442726,1
-245.98476365208626,66.88511032776064,1
184.01523634791374,-315.3371118944615,1
-30.984763652086258,257.99622143887166,1
399.01523634791374,-28.670445227794858,1
-380.35976365208626,-347.18896374631333,1
49.64023634791374,226.14436958701984,1
-165.35976365208626,-60.522297079646705,1
-272.85976365208626,417.25548069813084,1
372.14023634791374,321.69992514257524,1
-326.60976365208626,35.03325847590865,1
103.39023634791374,-379.04081559816524,1
-111.60976365208626,194.29251773516805,1
318.39023634791374,-92.37414893149855,1
-219.10976365208626,-187.9297044870541,1
210.89023634791374,385.40362884627905,1
425.89023634791374,-283.48526004260964,1
-424.03163865208626,289.84807329072345,1
5.968361347913742,3.1814066240568484,1
-209.03163865208626,-425.04904605084016,1
-316.53163865208626,-138.38237938417348,1
113.46836134791374,-233.937934939729,1
328.46836134791374,52.72873172693757,1
-370.28163865208626,-329.49349049528456,1
59.71836134791374,243.83984283804858,1
-155.28163865208626,-42.82682382861793,1
274.71836134791374,-361.3453423471364,1
-262.78163865208626,211.98799098619676,1
382.21836134791374,403.0991020973079,1
-397.15663865208626,116.43243543064126,1
32.84336134791374,-265.7897867915808,1
-182.15663865208626,307.5435465417523,1
247.84336134791374,20.87687987508567,1
-289.65663865208626,-393.1971941989883,1
140.34336134791374,180.13613913434497,1
-74.65663865208626,-106.53052753232163,1
355.34336134791374,-202.0860830878772,1
-343.40663865208626,371.247250245456,1
301.59336134791374,275.6916946899004,1
194.09336134791374,-403.8144781496056,1
409.09336134791374,-117.14781148293892,1
-410.59413865208626,-212.70336703849446,1
19.405861347913742,360.6299662948387,1
-195.59413865208626,73.96329962817214,1
234.40586134791374,-308.25892259405,1
-303.09413865208626,265.07441073928317,1
126.90586134791374,-21.59225592738337,1
341.90586134791374,233.22255888743135,1
-356.84413865208626,-53.44410777923522,1
73.15586134791374,-148.99966333479077,1
-141.84413865208626,424.33366999854246,1
288.15586134791374,137.66700333187583,1
-249.34413865208626,-244.55521889034628,1
180.65586134791374,328.77811444298686,1
395.65586134791374,-371.96262629775373,1
-383.71913865208626,201.37070703557953,1
46.28086134791374,-85.29595963108707,1
-168.71913865208626,-180.85151518664262,1
261.28086134791374,392.48181814669056,1
-276.21913865208626,105.81515148002394,1
153.78086134791374,-276.40707074219813,1
368.78086134791374,10.259595924468435,1
-329.96913865208626,-414.43176210022284,1
100.03086134791374,158.9015712331103,1
-114.96913865208626,-127.7650954335562,1
-222.46913865208626,350.0126823442215,1
207.53086134791374,63.3460156775549,1
-7.469138652086258,-318.87620654466724,1
422.53086134791374,254.4571267886659,1
-417.31288865208626,-32.209539878000655,1
12.687111347913742,-350.72805839651915,1
-202.31288865208626,222.6052749368141,1
227.68711134791374,-64.0613917298525,1
-309.81288865208626,-159.61694728540806,1
120.18711134791374,413.7163860479251,1
-94.81288865208626,127.0497193812585,1
335.18711134791374,-255.17250284096355,1
-363.56288865208626,318.1608304923695,1
-148.56288865208626,-382.579910248371,1
-256.06288865208626,-95.91324358170435,1
173.93711134791374,-191.4687991372599,1
-41.06288865208626,381.8645341960733,1
388.93711134791374,95.19786752940671,1
-390.43788865208626,-287.0243546928154,1
39.56211134791374,286.3089786405177,1
254.56211134791374,-428.9813734399577,1
-282.93788865208626,144.35195989337564,1
362.06211134791374,335.4630710044868,1
-336.68788865208626,48.79640433782015,1
93.31211134791374,-333.4258178844021,1
-121.68788865208626,239.90751544893115,1
308.31211134791374,-46.75915121773545,1
-229.18788865208626,-365.2776697362539,1
200.81211134791374,208.05566359707936,1
415.81211134791374,-174.16655862514284,1
-403.87538865208626,399.1667747081905,1
26.124611347913742,112.50010804152384,1
-188.87538865208626,-269.7221141806983,1
241.12461134791374,303.6112191526349,1
133.62461134791374,-397.1295215881058,1
348.62461134791374,-110.46285492143915,1
-350.12538865208626,-206.0184104769947,1
79.87461134791374,367.31492285633857,1
-135.12538865208626,80.64825618967195,1
294.87461134791374,-301.57396603255023,1
-242.62538865208626,271.75936730078297,1
187.37461134791374,-14.9072993658836,1
-27.625388652086258,-407.7468055387231,1
402.37461134791374,165.58652779461022,1
-377.00038865208626,-121.08013887205644,1
52.99961134791374,-216.63569442761198,1
-162.00038865208626,356.6976389057213,1
267.99961134791374,70.03097223905472,1
-269.50038865208626,-312.1912499831675,1
160.49961134791374,261.1420833501657,1
375.49961134791374,-344.0431018350194,1
-323.25038865208626,229.29023149831391,1
-108.25038865208626,-152.93199072390829,1
321.74961134791374,420.401342609425,1
-215.75038865208626,133.7346759427584,1
214.24961134791374,-248.4875462794638,1
-0.7503886520862579,324.8457870538694,1
429.24961134791374,38.179120387202815,1
-429.49062302708626,-375.8949536868712,1
0.5093769729137421,197.43837964646212,1
-214.49062302708626,-89.22828702020459,1
-321.99062302708626,388.5494907575731,1
323.00937697291374,292.9939352020175,1
54.25937697291374,-418.36408948934036,1
-160.74062302708626,154.9692438439929,1
269.25937697291374,-131.69742282267373,1
-268.24062302708626,-227.25297837822922,1
161.75937697291374,346.0803549551041,1
-53.24062302708626,59.41368828843748,1
376.75937697291374,-322.8085339337848,1
-402.61562302708626,250.52479939954847,1
-187.61562302708626,-354.6603857856366,1
242.38437697291374,218.67294754769668,1
-295.11562302708626,-67.99371911897002,1
134.88437697291374,-163.54927467452558,1
-80.11562302708626,409.7840586588077,1
349.88437697291374,123.11739199214108,1
-348.86562302708626,-259.1048302300811,1
81.13437697291374,314.2285031032521,1
296.13437697291374,-386.5122376374885,1
-241.36562302708626,186.8210956958449,1
403.63437697291374,377.9322068069559,1
-416.05312302708626,91.26554014028927,1
13.946876972913742,-290.9566820819329,1
-201.05312302708626,282.3766512514003,1
228.94687697291374,-4.290015415266318,1
-308.55312302708626,-421.9031841395461,1
121.44687697291374,151.43014919378714,1
-93.55312302708626,-135.23651747287946,1
336.44687697291374,-230.79207302843503,1
-362.30312302708626,342.54126030489823,1
-147.30312302708626,-326.34762858399057,1
282.69687697291374,246.98570474934263,1
-254.80312302708626,-39.68096191732391,1
175.19687697291374,-358.1994804358424,1
390.19687697291374,-71.53281376917576,1
-389.17812302708626,-167.0883693247313,1
40.82187697291374,406.2449640086019,1
-174.17812302708626,119.57829734193534,1
255.82187697291374,-262.6439248802869,1
-281.67812302708626,310.6894084530463,1
148.32187697291374,24.02274178637974,1
-66.67812302708626,-390.05133228769427,1
363.32187697291374,183.28200104563905,1
-335.42812302708626,-103.38466562102761,1
94.57187697291374,-198.94022117658315,1
-120.42812302708626,374.39311215675,1
309.57187697291374,87.72644549008344,1
-227.92812302708626,-294.4957767321387,1
202.07187697291374,278.8375566011944,1
-12.928123027086258,-7.8291100654720625,1
417.07187697291374,-400.66861623831153,1
-422.77187302708626,172.6647170950217,1
7.228126972913742,-114.0019495716449,1
-207.77187302708626,-209.55750512720044,1
222.22812697291374,363.7758282061328,1
-315.27187302708626,77.1091615394662,1
114.72812697291374,-305.113060682756,1
329.72812697291374,-18.446394016089346,1
-369.02187302708626,-336.96491253460783,1
60.97812697291374,236.3684207987254,1
-154.02187302708626,-50.2982458679412,1
275.97812697291374,-145.85380142349675,1
-261.52187302708626,427.4795319098365,1
383.47812697291374,331.9239763542809,1
-395.89687302708626,45.25730968761431,1
34.10312697291374,-368.8167643864597,1
-180.89687302708626,204.5165689468736,1
249.10312697291374,-82.15009771979305,1
-288.39687302708626,-177.7056532753486,1
141.60312697291374,395.6276800579846,1
356.60312697291374,-273.26120883090414,1
-342.14687302708626,300.072124502429,1
87.85312697291374,13.405457835762505,1
-127.14687302708626,-411.28590018892885,1
302.85312697291374,162.04743314440438,1
-234.64687302708626,-124.61923352226218,1
195.35312697291374,-220.17478907781774,1
-19.646873027086258,353.15854425551555,1
410.35312697291374,66.49187758884896,1
-409.33437302708626,-315.7303446333733,1
20.665626972913742,257.60298869995995,1
235.66562697291374,-347.58219648522515,1
-301.83437302708626,225.75113684810816,1
343.16562697291374,416.8622479592192,1
-355.58437302708626,130.19558129255256,1
74.41562697291374,-252.02664092966958,1
-140.58437302708626,321.3066924036636,1
289.41562697291374,34.640025736996975,1
-248.08437302708626,-379.434048337077,1
181.91562697291374,193.89928499625637,1
396.91562697291374,-188.3229372259659,1
-382.45937302708626,385.0103961073674,1
47.54062697291374,98.34372944070077,1
-167.45937302708626,-283.8784927815214,1
262.54062697291374,289.4548405518118,1
155.04062697291374,-425.44227878975187,1
370.04062697291374,-138.77561212308527,1
-328.70937302708626,-234.33116767864075,1
101.29062697291374,339.0021656546925,1
-113.70937302708626,52.33549898802589,1
316.29062697291374,-329.8867232341963,1
-221.20937302708626,243.4466100991369,1
208.79062697291374,-43.2200565675297,1
-6.209373027086258,-361.7385750860482,1
423.79062697291374,211.59475824728509,1
-426.13124802708626,-75.07190841938156,1
3.868751972913742,-170.62746397493711,1
-211.13124802708626,402.70586935839617,1
-318.63124802708626,-266.18301953049263,1
111.36875197291374,307.15031380284057,1
326.36875197291374,-393.5904269379,1
-372.38124802708626,179.7429063954333,1
57.61875197291374,-106.9237602712334,1
-157.38124802708626,-202.47931582678896,1
272.61875197291374,370.8540175065443,1
-264.88124802708626,84.1873508398777,1
165.11875197291374,-298.0348713823445,1
-49.88124802708626,275.2984619509887,1
380.11875197291374,-11.368204715677855,1
-399.25624802708626,-404.2077108885173,1
30.743751972913742,169.12562244481597,1
-184.25624802708626,-117.54104422185068,1
-291.75624802708626,360.23673355592706,1
353.24375197291374,264.68117800037146,1
84.49375197291374,-340.5040071848136,1
-130.50624802708626,232.82932614851967,1
299.49375197291374,-53.83734051814699,1
-238.00624802708626,-149.39289607370253,1
191.99375197291374,423.94043725963076,1
406.99375197291374,-244.94845162925805,1
-412.69374802708626,328.38488170407516,1
17.306251972913742,41.71821503740856,1
-197.69374802708626,-372.35585903666544,1
-305.19374802708626,-85.68919236999884,1
124.80625197291374,-181.24474792555438,1
-90.19374802708626,392.08858540777885,1
339.80625197291374,105.42191874111226,1
-358.94374802708626,-276.8003034811099,1
71.05625197291374,296.53302985222325,1
286.05625197291374,-414.82499483913455,1
-251.44374802708626,158.50833849419863,1
393.55625197291374,349.61944960530985,1
-385.81874802708626,62.952782938643224,1
44.18125197291374,-319.269439283579,1
-170.81874802708626,254.06389404975423,1
259.18125197291374,-32.602772616912425,1
-278.31874802708626,-351.12129113543085,1
151.68125197291374,222.21204219790243,1
-63.31874802708626,-64.45462446876427,1
366.68125197291374,-160.01018002431982,1
-332.06874802708626,413.32315330901343,1
97.93125197291374,126.65648664234683,1
312.93125197291374,317.76759775345784,1
205.43125197291374,-382.9731429872827,1
-9.568748027086258,190.36019034605062,1
420.43125197291374,-96.30647632061613,1
-419.41249802708626,-191.86203187617167,1
10.587501972913742,381.47130145716164,1
-204.41249802708626,94.80463479049503,1
225.58750197291374,-287.41758743172716,1
-311.91249802708626,285.91574590160604,1
118.08750197291374,-0.750920765060572,1
-96.91249802708626,-426.6219770064871,1
333.08750197291374,146.7113563268462,1
-365.66249802708626,-139.95531033982047,1
64.33750197291374,-235.510865895376,1
-150.66249802708626,337.8224674379573,1
279.33750197291374,51.15580077129068,1
-258.16249802708626,-331.06642145093156,1
171.83750197291374,242.26691188240167,1
-43.16249802708626,-44.39975478426492,1
386.83750197291374,-362.9182733027834,1
-392.53749802708626,210.41506003054988,1
37.46250197291374,-76.25160663611678,1
-177.53749802708626,-171.80716219167232,1
252.46250197291374,401.526171141661,1
-285.03749802708626,114.85950447499438,1
144.96250197291374,-267.36271774722786,1
359.96250197291374,19.303948919438778,1
-338.78749802708626,-394.77012515463525,1
91.21250197291374,178.56320817869806,1
-123.78749802708626,-108.10345848796862,1
-231.28749802708626,369.6743192898091,1
198.71250197291374,83.00765262314248,1
-16.287498027086258,-299.2145695990797,1
413.71250197291374,274.1187637342535,1
-405.97499802708626,-12.547902932413072,1
24.025001972913742,-405.3874091052526,1
-190.97499802708626,167.94592422808074,1
239.02500197291374,-118.7207424385859,1
-298.47499802708626,-214.27629799414146,1
131.52500197291374,359.0570353391918,1
-83.47499802708626,72.39036867252524,1
346.52500197291374,-309.83185354969703,1
-352.22499802708626,263.5014797836362,1
-137.22499802708626,-341.6837054015489,1
-244.72499802708626,-55.017038734882206,1
-29.724998027086258,422.7607390428955,1
400.27500197291374,136.09407237622895,1
-379.09999802708626,-246.1281498459933,1
50.90000197291374,327.2051834873399,1
-164.09999802708626,40.538516820673344,1
265.90000197291374,-373.5355572534007,1
-271.59999802708626,199.79777607993265,1
373.40000197291374,390.9088871910437,1
-325.34999802708626,104.24222052437705,1
104.65000197291374,-277.9800016978452,1
319.65000197291374,8.686664968821542,1
-217.84999802708626,-416.00469305586984,1
-2.849998027086258,-129.33802638920318,1
427.15000197291374,-224.89358194475875,1
-427.81093552708626,348.4397513885746,1
-212.81093552708626,-320.4491375003143,1
217.18906447291374,252.88419583301902,1
-320.31093552708626,-33.782470833647636,1
109.68906447291374,-352.30098935216614,1
324.68906447291374,-65.63432268549948,1
-374.06093552708626,-161.18987824105503,1
55.93906447291374,412.1434550922782,1
-159.06093552708626,125.47678842561162,1
270.93906447291374,-256.7454337966106,1
-266.56093552708626,316.5878995367226,1
163.43906447291374,29.921232870056013,1
-51.56093552708626,-384.152841204018,1
378.43906447291374,189.1804921293154,1
-400.93593552708626,-97.48617453735135,1
29.064064472913742,-193.0417300929069,1
-185.93593552708626,380.2916032404264,1
244.06406447291374,93.62493657375981,1
-293.43593552708626,-288.59728564846245,1
136.56406447291374,284.7360476848708,1
351.56406447291374,-419.5437877060756,1
-347.18593552708626,153.78954562725767,1
82.81406447291374,-132.87712103940893,1
-132.18593552708626,-228.43267659496453,1
297.81406447291374,344.90065673836875,1
-239.68593552708626,58.233990071702166,1
190.31406447291374,-323.98823215052005,1
-24.685935527086258,249.34510118281318,1
405.31406447291374,-37.321565483853384,1
-414.37343552708626,-355.8400840023719,1
15.626564472913742,217.49324933096136,1
-199.37343552708626,-69.17341733570524,1
-306.87343552708626,408.60436044207245,1
338.12656447291374,313.04880488651685,1
-360.62343552708626,26.38213821985027,1
69.37656447291374,-387.6919358542238,1
-145.62343552708626,185.64139747910957,1
284.37656447291374,-101.02526918755709,1
-253.12343552708626,-196.58082474311263,1
176.87656447291374,376.7525085902206,1
391.87656447291374,-292.13638029866826,1
-387.49843552708626,281.196953034665,1
42.50156447291374,-5.469713632001534,1
-172.49843552708626,-398.30921980484106,1
-279.99843552708626,-111.64255313817436,1
150.00156447291374,-207.19810869372992,1
-64.99843552708626,366.13522463960334,1
365.00156447291374,79.46855797293674,1
-333.74843552708626,-302.75366424928546,1
96.25156447291374,270.57966908404774,1
311.25156447291374,-334.6055161011373,1
-226.24843552708626,238.72781723219595,1
203.75156447291374,-47.93884943447067,1
418.75156447291374,429.83892834330703,1
-421.09218552708626,143.17226167664043,1
8.907814472913742,-239.04996054558177,1
-206.09218552708626,334.28337278775143,1
223.90781447291374,47.61670612108483,1
-313.59218552708626,-366.45736795298916,1
116.40781447291374,206.87596538034413,1
-98.59218552708626,-79.79070128632252,1
331.40781447291374,-175.34625684187807,1
-367.34218552708626,397.9870764914551,1
62.65781447291374,111.32040982478854,1
-152.34218552708626,-270.9018123974337,1
277.65781447291374,302.4315209358995,1
170.15781447291374,-408.9265037554583,1
385.15781447291374,-122.25983708879166,1
-394.21718552708626,-217.8153926443472,1
35.78281447291374,355.5179406889861,1
-179.21718552708626,68.8512740223195,1
250.78281447291374,-313.3709481999028,1
-286.71718552708626,259.96238513343053,1
143.28281447291374,-26.7042815332361,1
-71.71718552708626,-345.2228000517546,1
358.28281447291374,228.1105332815787,1
-340.46718552708626,-58.55613338508795,1
89.53281447291374,-154.1116889406435,1
-125.46718552708626,419.2216443926897,1
304.53281447291374,132.5549777260231,1
-232.96718552708626,-249.6672444961991,1
197.03281447291374,323.6660888371341,1
412.03281447291374,-377.0746519036065,1
-407.65468552708626,196.2586814297269,1
22.345314472913742,-90.4079852369398,1
-192.65468552708626,-185.96354079249534,1
237.34531447291374,387.3697925408379,1
-300.15468552708626,100.7031258741713,1
129.84531447291374,-281.5190963480509,1
344.84531447291374,5.147570318615702,1
-353.90468552708626,-423.0828823562814,1
76.09531447291374,150.2504509770519,1
-138.90468552708626,-136.41621568961472,1
-246.40468552708626,341.361562088163,1
183.59531447291374,54.69489542149642,1
-31.404685527086258,-327.5273268007258,1
398.59531447291374,245.80600653260743,1
-380.77968552708626,-40.860660134059174,1
49.22031447291374,-359.37917865257765,1
-165.77968552708626,213.95415468075564,1
264.22031447291374,-72.71251198591102,1
-273.27968552708626,-168.26806754146656,1
156.72031447291374,405.06526579186675,1
371.72031447291374,-263.8236230970221,1
-327.02968552708626,309.50971023631115,1
102.97031447291374,22.84304356964452,1
-112.02968552708626,-391.23103050442955,1
317.97031447291374,182.10230282890382,1
-219.52968552708626,-104.56436383776288,1
210.47031447291374,-200.11991939331844,1
-4.529685527086258,373.21341394001485,1
425.47031447291374,86.54674727334822,1
-424.45156052708626,-295.67547494887395,1
5.548439472913742,277.65785838445925,1
220.54843947291374,-401.8483144550468,1
-316.95156052708626,171.4850188782865,1
328.04843947291374,362.5961299893976,1
-370.70156052708626,75.92946332273098,1
59.29843947291374,-306.2927588994912,1
-155.70156052708626,267.040574433842,1
274.29843947291374,-19.62609223282461,1
-263.20156052708626,-338.1446107513431,1
166.79843947291374,235.1887225819902,1
-48.20156052708626,-51.47794408467646,1
381.79843947291374,-147.033499640232,1
-397.57656052708626,426.2998336931013,1
32.42343947291374,139.63316702643468,1
-182.57656052708626,-242.58905519578752,1
247.42343947291374,330.7442781375457,1
-290.07656052708626,44.07761147087909,1
139.92343947291374,-369.99646260319497,1
354.92343947291374,-83.32979593652831,1
-343.82656052708626,-178.88535149208386,1
86.17343947291374,394.4479818412494,1
-128.82656052708626,107.78131517458279,1
301.17343947291374,-274.4409070476394,1
-236.32656052708626,298.8924262856938,1
193.67343947291374,12.225759619027288,1
-21.326560527086258,-412.4655984056641,1
408.67343947291374,160.86773492766915,1
-411.01406052708626,-125.79893173899744,1
18.985939472913742,-221.35448729455294,1
-196.01406052708626,351.9788460387804,1
233.98593947291374,65.31217937211375,1
-303.51406052708626,-316.91004285010854,1
126.48593947291374,256.4232904832248,1
341.48593947291374,-348.7618947019604,1
-357.26406052708626,224.57143863137296,1
-142.26406052708626,-157.6507835908493,1
287.73593947291374,415.68254974248396,1
-249.76406052708626,129.01588307581736,1
180.23593947291374,-253.20633914640484,1
-34.76406052708626,320.12699418692836,1
395.23593947291374,33.46032752026176,1
-384.13906052708626,-380.61374655381223,1
45.86093947291374,192.71958677952117,1
-169.13906052708626,-93.94707988714559,1
-276.63906052708626,383.83069789063217,1
368.36093947291374,288.27514233507657,1
99.61093947291374,-427.8016752232224,1
-115.38906052708626,145.53165811011087,1
314.61093947291374,-141.13500855655573,1
-222.88906052708626,-236.69056411211125,1
207.11093947291374,336.64276922122195,1
422.11093947291374,-332.24611966766685,1
-417.73281052708626,241.08721366566638,1
12.267189472913742,-45.57945300100019,1
-202.73281052708626,-364.0979715195187,1
227.26718947291374,209.23536181381456,1
-310.23281052708626,-77.43130485285204,1
119.76718947291374,-172.98686040840758,1
-95.23281052708626,400.34647292492565,1
334.76718947291374,113.67980625825906,1
-363.98281052708626,-268.54241596396315,1
66.01718947291374,304.79091736937005,1
281.01718947291374,-395.94982337137054,1
-256.48281052708626,177.38350996196277,1
388.51718947291374,368.49462107307374,1
-390.85781052708626,81.82795440640717,1
39.14218947291374,-300.39426781581494,1
-175.85781052708626,272.93906551751815,1
254.14218947291374,-13.727601149148336,1
-283.35781052708626,-406.5671073219878,1
146.64218947291374,166.76622601134542,1
361.64218947291374,-215.45599621087666,1
-337.10781052708626,357.87733712245654,1
307.89218947291374,262.32178156690094,1
200.39218947291374,-342.8634036182841,1
-14.607810527086258,230.46992971504915,1
415.39218947291374,-56.19673695161747,1
-404.29531052708626,-151.75229250717302,1
25.704689472913742,421.58104082616023,1
-189.29531052708626,134.91437415949363,1
240.70468947291374,-247.30784806272857,1
-296.79531052708626,326.02548527060463,1
133.20468947291374,39.35881860393803,1
-81.79531052708626,-374.71525547013596,1
348.20468947291374,198.61807786319733,1
-350.54531052708626,-88.04858880346931,1
79.45468947291374,-183.60414435902487,1
-135.54531052708626,389.72918897430833,1
294.45468947291374,103.06252230764173,1
-243.04531052708626,-279.15969991458036,1
186.95468947291374,294.17363341875273,1
401.95468947291374,-417.1843912726051,1
-377.42031052708626,156.1489420607281,1
52.57968947291374,-130.51772460593844,1
-162.42031052708626,-226.073280161494,1
267.57968947291374,347.2600531718393,1
-269.92031052708626,60.593386505172695,1
160.07968947291374,-321.6288357170495,1
375.07968947291374,-34.962169050382904,1
-323.67031052708626,-353.48068756890143,1
106.32968947291374,219.85264576443188,1
-108.67031052708626,-66.81402090223476,1
321.32968947291374,-162.36957645779032,1
-216.17031052708626,410.9637568755429,1
-1.170310527086258,-257.92513201334583,1
428.82968947291374,315.4082013199873,1
-428.65077927708626,28.741534653320702,1
1.349220722913742,-385.3325394207533,1
-213.65077927708626,188.0007939125801,1
216.34922072291374,-98.6658727540866,1
-321.15077927708626,-194.22142830964216,1
108.84922072291374,379.1119050236911,1
-106.15077927708626,92.4452383570245,1
323.84922072291374,-289.7769838651977,1
-374.90077927708626,283.5563494681355,1
55.09922072291374,-3.110317198531053,1
-159.90077927708626,-420.7234859228108,1
270.09922072291374,152.60984741052235,1
-267.40077927708626,-134.0568192561442,1
162.59922072291374,-229.61237481169974,1
-52.40077927708626,343.72095852163346,1
377.59922072291374,57.054291854966856,1
-401.77577927708626,-325.1679303672553,1
28.224220722913742,248.16540296607786,1
243.22422072291374,-357.0197822191071,1
-294.27577927708626,216.31355111422604,1
350.72422072291374,407.42466222533716,1
-348.02577927708626,120.75799555867056,1
81.97422072291374,-261.4642266635516,1
-133.02577927708626,311.86910666978156,1
296.97422072291374,25.20244000311496,1
-240.52577927708626,-388.871634070959,1
404.47422072291374,-197.7605229598479,1
-415.21327927708626,375.57281037348525,1
14.786720722913742,88.90614370681865,1
-200.21327927708626,-293.31607851540343,1
229.78672072291374,280.01725481792965,1
122.28672072291374,-399.4889180215763,1
337.28672072291374,-112.82225135490962,1
-361.46327927708626,-208.37780691046518,1
68.53672072291374,364.95552642286805,1
-146.46327927708626,78.28885975620142,1
283.53672072291374,-303.93336246602075,1
-253.96327927708626,269.39997086731245,1
176.03672072291374,-17.266695799354082,1
-38.96327927708626,-335.7852143178726,1
391.03672072291374,237.54811901546063,1
-388.33827927708626,-49.11854765120593,1
41.66172072291374,-144.6741032067615,1
-173.33827927708626,428.65923012657174,1
256.66172072291374,141.9925634599051,1
-280.83827927708626,-240.22965876231703,1
149.16172072291374,333.10367457101614,1
-65.83827927708626,46.43700790434952,1
364.16172072291374,-367.63706616972445,1
-334.58827927708626,205.6962671636088,1
-119.58827927708626,-176.52595505861333,1
310.41172072291374,396.80737827471984,1
-227.08827927708626,110.14071160805322,1
202.91172072291374,-272.0815106141689,1
-12.088279277086258,301.25182271916424,1
417.91172072291374,14.585156052497721,1
-421.93202927708626,-410.10620197219356,1
8.067970722913742,163.22713136113958,1
-206.93202927708626,-123.43953530552692,1
223.06797072291374,-218.99509086108247,1
-314.43202927708626,354.3382424722508,1
330.56797072291374,258.7826869166952,1
-368.18202927708626,-27.883979749971363,1
61.81797072291374,-346.40249826848986,1
-153.18202927708626,226.9308350648434,1
276.81797072291374,-59.735831601823214,1
-260.68202927708626,-155.29138715737878,1
169.31797072291374,418.04194617595437,1
384.31797072291374,-250.84694271293432,1
-395.05702927708626,322.4863906203988,1
-180.05702927708626,-378.2543501203417,1
-287.55702927708626,-91.58768345367507,1
142.44297072291374,-187.14323900923063,1
-72.55702927708626,386.1900943241026,1
357.44297072291374,99.52342765743599,1
-341.30702927708626,-282.69879456478617,1
88.69297072291374,290.634538768547,1
303.69297072291374,-424.26258057301663,1
-233.80702927708626,149.07075276031662,1
-18.807029277086258,-233.1514694619055,1
411.19297072291374,340.1818638714277,1
-408.49452927708626,53.51519720476111,1
21.505470722913742,-328.7070250174611,1
-193.49452927708626,244.6263083158721,1
236.50547072291374,-42.04035835079444,1
-300.99452927708626,-360.5588768693129,1
129.00547072291374,212.77445646402032,1
-85.99452927708626,-73.8922102026463,1
344.00547072291374,-169.44776575820185,1
-354.74452927708626,403.8855675751314,1
75.25547072291374,117.2189009084648,1
-139.74452927708626,-265.00332131375734,1
290.25547072291374,308.3300120195758,1
182.75547072291374,-392.4107287211648,1
397.75547072291374,-105.74406205449814,1
-381.61952927708626,-201.2996176100537,1
48.38047072291374,372.0337157232795,1
-166.61952927708626,85.36704905661291,1
263.38047072291374,-296.8551731656092,1
-274.11952927708626,276.4781601677239,1
155.88047072291374,-10.18850649894259,1
-59.11952927708626,-403.02801267178205,1
370.88047072291374,170.30532066155118,1
-327.86952927708626,-116.36134600511542,1
102.13047072291374,-211.91690156067096,1
317.13047072291374,74.74976510599568,1
-220.36952927708626,-307.47245711622645,1
209.63047072291374,265.8608762171067,1
424.63047072291374,-339.32430896807836,1
-425.29140427708626,234.00902436525487,1
-210.29140427708626,-148.21319785696727,1
219.70859572291374,425.120135476366,1
-317.79140427708626,138.4534688096994,1
112.20859572291374,-243.76875341252278,1
327.20859572291374,42.89791325414378,1
-371.54140427708626,-371.1761608199302,1
58.45859572291374,202.15717251340308,1
-156.54140427708626,-84.50949415326357,1
-264.04140427708626,393.2682836245141,1
-49.04140427708626,-275.6206052643746,1
380.95859572291374,297.7127280689585,1
-398.41640427708626,11.046061402291976,1
31.583595722913742,-413.64529662239937,1
-183.41640427708626,159.68803671093386,1
246.58359572291374,-126.97862995573271,1
-290.91640427708626,-222.5341855112882,1
139.08359572291374,350.79914782204503,1
-75.91640427708626,64.13248115537844,1
354.08359572291374,-318.08974106684377,1
-344.66640427708626,255.24359226648946,1
-237.16640427708626,-63.274926252029005,1
-22.166404277086258,414.50285152574867,1
407.83359572291374,127.83618485908204,1
-411.85390427708626,-254.38603736314005,1
18.146095722913742,318.94729597019307,1
233.14609572291374,-381.7934447705475,1
-304.35390427708626,191.53988856278585,1
340.64609572291374,382.6509996738968,1
-358.10390427708626,95.98433300723025,1
71.89609572291374,-286.2378892149919,1
-143.10390427708626,287.0954441183412,1
286.89609572291374,0.42877745167464454,1
-250.60390427708626,-429.3746061788694,1
394.39609572291374,-238.26349506775827,1
-384.97890427708626,335.06983826557496,1
-169.97890427708626,-333.81905062331384,1
260.02109572291374,239.5142827100194,1
-277.47890427708626,-47.15238395664717,1
152.52109572291374,-365.6709024751657,1
367.52109572291374,-79.00423580849902,1
-331.22890427708626,-174.55979136405458,1
98.77109572291374,398.77354196927865,1
-116.22890427708626,112.10687530261208,1
313.77109572291374,-270.11534691961015,1
-223.72890427708626,303.21798641372305,1
206.27109572291374,16.55131974705648,1
-8.728904277086258,-397.52275432701754,1
421.27109572291374,175.81057900631578,1
-418.57265427708626,-110.85608766035088,1
11.427345722913742,-206.41164321590642,1
-203.57265427708626,366.9216901174268,1
226.42734572291374,80.25502345076018,1
-311.07265427708626,-301.967198771462,1
118.92734572291374,271.3661345618712,1
333.92734572291374,-408.1400382776348,1
-364.82265427708626,165.19329505569846,1
65.17734572291374,-121.47337161096816,1
-149.82265427708626,-217.02892716652372,1
280.17734572291374,356.30440616680954,1
-257.32265427708626,69.63773950014294,1
172.67734572291374,-312.58448272207926,1
-42.32265427708626,260.74885061125394,1
387.67734572291374,-25.917816055412608,1
-391.69765427708626,-344.4363345739311,1
38.30234572291374,228.89699875940215,1
-176.69765427708626,-57.769667907264456,1
-284.19765427708626,420.00810987051324,1
360.80234572291374,324.45255431495764,1
-337.94765427708626,37.785887648291045,1
92.05234572291374,-376.28818642578295,1
-122.94765427708626,197.04514690755033,1
307.05234572291374,-89.62151975911631,1
-230.44765427708626,-185.17707531467187,1
199.55234572291374,388.15625801866133,1
414.55234572291374,-280.7326308702274,1
-405.13515427708626,292.60070246310573,1
-190.13515427708626,-418.75732222825206,1
-297.63515427708626,-132.09065556158544,1
132.36484572291374,-227.64621111714098,1
-82.63515427708626,345.68712221619234,1
347.36484572291374,59.02045554952571,1
-351.38515427708626,-323.2017666726965,1
78.61484572291374,250.1315666606367,1
293.61484572291374,-355.05361852454837,1
-243.88515427708626,218.27971480878492,1
186.11484572291374,-68.38695185788174,1
401.11484572291374,409.3908259198959,1
-378.26015427708626,122.72415925322932,1
51.73984572291374,-259.4980629689928,1
-163.26015427708626,313.8352703643403,1
266.73984572291374,27.168603697673714,1
-270.76015427708626,-386.9054703764002,1
159.23984572291374,186.4278629569331,1
374.23984572291374,-195.79435926528913,1
-324.51015427708626,377.5389740680441,1
320.48984572291374,281.9834185124885,1
212.98984572291374,-422.2964168784579,1
-2.010154277086258,151.03691645487538,1
427.98984572291374,-135.6297502117912,1
-426.97109177708626,-231.18530576734673,1
3.028908222913742,342.14802756598647,1
-211.97109177708626,55.48136089931987,1
218.02890822291374,-326.74086132290233,1
-319.47109177708626,246.59247201043087,1
325.52890822291374,214.74062015857908,1
-373.22109177708626,-71.92604650808748,1
56.77890822291374,-167.48160206364304,1
-158.22109177708626,405.85173126969016,1
271.77890822291374,119.18506460302356,1
-265.72109177708626,-263.03715761919864,1
164.27890822291374,310.29617571413456,1
379.27890822291374,-390.444565026606,1
-400.09609177708626,182.88876830672726,1
29.903908222913742,-103.77789835993934,1
-185.09609177708626,-199.33345391549489,1
244.90390822291374,373.99987941783826,1
-292.59609177708626,87.33321275117167,1
137.40390822291374,-294.88900947105043,1
352.40390822291374,-8.222342804383786,1
-346.34609177708626,-401.0618489772233,1
83.65390822291374,172.27148435610994,1
-131.34609177708626,-114.39518231055662,1
-238.84609177708626,363.38259546722105,1
191.15390822291374,76.71592880055444,1
-23.846091777086258,-305.50629342166775,1
406.15390822291374,267.82703991166545,1
-413.53359177708626,-18.83962675500107,1
16.466408222913742,-337.3581452735196,1
-198.53359177708626,235.97518805981363,1
231.46640822291374,-50.69147860685292,1
-306.03359177708626,-146.24703416240848,1
123.96640822291374,427.08629917092475,1
-91.03359177708626,140.41963250425815,1
338.96640822291374,-241.80258971796405,1
-359.78359177708626,331.53074361536915,1
-144.78359177708626,-369.20999712537144,1
-252.28359177708626,-82.54333045870477,1
177.71640822291374,-178.09888601426033,1
-37.28359177708626,395.23444731907284,1
392.71640822291374,108.56778065240624,1
-386.65859177708626,-273.65444156981584,1
43.34140822291374,299.67889176351724,1
258.34140822291374,-411.6791329278406,1
-279.15859177708626,161.65420040549262,1
365.84140822291374,352.7653115166038,1
-332.90859177708626,66.0986448499372,1
97.09140822291374,-316.123577372285,1
312.09140822291374,-29.456910705618352,1
-225.40859177708626,-347.9754292241369,1
204.59140822291374,225.3579041091964,1
419.59140822291374,-156.86431811302575,1
-420.25234177708626,416.4690152203074,1
9.747658222913742,129.8023485536408,1
-205.25234177708626,-252.4198736685813,1
224.74765822291374,320.9134596647518,1
-312.75234177708626,34.246792998085205,1
117.24765822291374,-379.82728107598876,1
332.24765822291374,-93.16061440932205,1
-366.50234177708626,-188.7161699648776,1
63.49765822291374,384.6171633684556,1
-151.50234177708626,97.950496701789,1
278.49765822291374,-284.2717255204332,1
-259.00234177708626,289.0616078129,1
170.99765822291374,2.3949411462334025,1
-44.00234177708626,-425.83551152866363,1
385.99765822291374,147.49782180466963,1
-393.37734177708626,-139.16884486199697,1
36.62265822291374,-234.7244004175525,1
-178.37734177708626,338.6089329157807,1
251.62265822291374,51.94226624911412,1
-285.87734177708626,-330.2799559731081,1
144.12265822291374,243.0533773602251,1
-70.87734177708626,-43.61328930644143,1
359.12265822291374,-362.13180782495994,1
-339.62734177708626,211.20152550837332,1
-124.62734177708626,-171.02069671384882,1
305.37265822291374,402.3126366194844,1
-232.12734177708626,115.64596995281782,1
197.87265822291374,-266.5762522694044,1
-17.127341777086258,306.7570810639288,1
412.87265822291374,20.090414397262222,1
-406.81484177708626,-393.9836596768118,1
23.185158222913742,179.34967365652153,1
-191.81484177708626,-107.31699301014513,1
-299.31484177708626,370.4607847676325,1
345.68515822291374,274.9052292120769,1
76.93515822291374,-404.60094362742905,1
-138.06484177708626,168.73238970590418,1
291.93515822291374,-117.93427696076242,1
-245.56484177708626,-213.48983251631796,1
184.43515822291374,359.8435008170153,1
399.43515822291374,-309.0453880718735,1
-379.93984177708626,264.2879452614597,1
-164.93984177708626,-340.89723992372535,1
265.06015822291374,232.43609340960788,1
-272.43984177708626,-54.23057325705871,1
-57.43984177708626,423.547204520719,1
372.56015822291374,136.8805378540524,1
-326.18984177708626,-245.3416843681698,1
103.81015822291374,327.9916489651634,1
-111.18984177708626,41.32498229849679,1
318.81015822291374,-372.7490917755772,1
-218.68984177708626,200.5842415577561,1
211.31015822291374,-86.08242510891056,1
-3.689841777086258,-181.6379806644661,1
426.31015822291374,391.6953526688671,1
-423.61171677708626,105.02868600220049,1
6.388283222913742,-277.1935362200216,1
-208.61171677708626,296.1397971133115,1
221.38828322291374,9.473130446644989,1
-316.11171677708626,-415.21822757804637,1
113.88828322291374,158.11510575528686,1
-101.11171677708626,-128.55156091137968,1
328.88828322291374,-224.10711646693525,1
-369.86171677708626,349.22621686639803,1
-154.86171677708626,-319.66267202249077,1
275.13828322291374,253.67066131084246,1
167.63828322291374,-351.5145238743427,1
382.63828322291374,-64.847857207676,1
-396.73671677708626,-160.40341276323156,1
33.26328322291374,412.9299205701017,1
-181.73671677708626,126.26325390343506,1
248.26328322291374,-255.95896831878704,1
-289.23671677708626,317.3743650145461,1
140.76328322291374,30.70769834787946,1
-74.23671677708626,-383.3663757261945,1
355.76328322291374,189.96695760713885,1
-342.98671677708626,-96.69970905952785,1
87.01328322291374,-192.2552646150834,1
-127.98671677708626,381.0780687182499,1
302.01328322291374,94.41140205158325,1
-235.48671677708626,-287.8108201706389,1
194.51328322291374,285.5225131626943,1
409.51328322291374,-427.0152097453989,1
-410.17421677708626,146.3181235879344,1
19.825783222913742,-140.3485430787322,1
-195.17421677708626,-235.9040986342878,1
234.82578322291374,337.4292346990455,1
-302.67421677708626,50.76256803237891,1
127.32578322291374,-331.4596541898433,1
342.32578322291374,-44.79298752317664,1
-356.42421677708626,-363.31150604169517,1
73.57578322291374,210.02182729163812,1
-141.42421677708626,-76.6448393750285,1
288.57578322291374,-172.20039493058405,1
-248.92421677708626,401.13293840274923,1
-33.92421677708626,-267.75595048613957,1
396.07578322291374,305.57738284719363,1
-383.29921677708626,18.910716180527007,1
46.70078322291374,-395.163357893547,1
-168.29921677708626,178.1699754397863,1
261.70078322291374,-108.49669122688034,1
-275.79921677708626,-204.0522467824359,1
154.20078322291374,369.2810865508973,1
369.20078322291374,-299.6078023379915,1
-329.54921677708626,273.7255309953417,1
100.45078322291374,-12.941135671324794,1
-114.54921677708626,-405.78064184416434,1
315.45078322291374,167.55269148916898,1
-222.04921677708626,-119.11397517749762,1
207.95078322291374,-214.66953073305322,1
-7.049216777086258,358.66380260028006,1
422.95078322291374,71.99713593361348,1
-416.89296677708626,-310.22508628860874,1
13.107033222913742,263.10824704472446,1
228.10703322291374,-342.07693814046064,1
-309.39296677708626,231.25639519287267,1
-94.39296677708626,-150.96582702934947,1
335.60703322291374,422.36750630398376,1
-363.14296677708626,135.70083963731716,1
66.85703322291374,-246.52138258490504,1
-148.14296677708626,326.81195074842816,1
281.85703322291374,40.145284081761574,1
-255.64296677708626,-373.9287899923125,1
174.35703322291374,199.40454334102088,1
389.35703322291374,-182.81767888120132,1
-390.01796677708626,390.51565445213186,1
39.98203322291374,103.84898778546527,1
-175.01796677708626,-278.37323443675695,1
254.98203322291374,294.96009889657626,1
147.48203322291374,-416.3979257947816,1
362.48203322291374,-129.7312591281149,1
-336.26796677708626,-225.28681468367046,1
93.73203322291374,348.04651864966286,1
-121.26796677708626,61.379851982996236,1
308.73203322291374,-320.84237023922606,1
-228.76796677708626,252.49096309410723,1
201.23203322291374,-34.175703572559364,1
-13.767966777086258,-352.6942220910779,1
416.23203322291374,220.63911124225544,1
-403.45546677708626,-66.02755542441122,1
26.544533222913742,-161.58311097996676,1
-188.45546677708626,411.75022235336644,1
241.54453322291374,125.08355568669984,1
-295.95546677708626,-257.13866653552236,1
134.04453322291374,316.19466679781084,1
349.04453322291374,-384.54607394292975,1
-349.70546677708626,188.78725939040365,1
-134.70546677708626,-193.4349628318186,1
295.29453322291374,379.89837050151465,1
-242.20546677708626,93.23170383484803,1
187.79453322291374,-288.99051838737415,1
-27.205466777086258,284.34281494595905,1
402.79453322291374,-2.323851720707512,1
-376.58046677708626,-419.93702044498735,1
53.41953322291374,153.3963128883459,1
-161.58046677708626,-133.27035377832067,1
268.41953322291374,-228.82590933387627,1
-269.08046677708626,344.507423999457,1
160.91953322291374,57.840757332790396,1
-54.08046677708626,-324.3814648894318,1
375.91953322291374,248.9518684439014,1
-322.83046677708626,-37.714798222765104,1
107.16953322291374,-356.23331674128366,1
322.16953322291374,-69.56665007461696,1
-215.33046677708626,-165.12220563017252,1
214.66953322291374,408.2111277031607,1
-0.33046677708625793,121.5444610364941,1
429.66953322291374,-260.6777611857281,1
-429.70058396458626,312.6555721476051,1
-214.70058396458626,-388.0851685931355,1
-322.20058396458626,-101.4185019264688,1
107.79941603541374,-196.97405748202436,1
-107.20058396458626,376.3592758513088,1
322.79941603541374,89.6926091846422,1
-375.95058396458626,-292.52961303757996,1
54.04941603541374,280.8037202957532,1
269.04941603541374,-398.70245254375277,1
-268.45058396458626,174.63088078958046,1
376.54941603541374,365.7419919006916,1
-402.82558396458626,79.07532523402496,1
27.174416035413742,-303.1468969881972,1
-187.82558396458626,270.186436345136,1
242.17441603541374,-16.48023032153054,1
-295.32558396458626,-334.9987488400491,1
134.67441603541374,238.33458449328415,1
-80.32558396458626,-48.33208217338239,1
349.67441603541374,-143.88763772893793,1
-349.07558396458626,429.44569560439527,1
80.92441603541374,142.77902893772867,1
-134.07558396458626,-239.44319328449353,1
295.92441603541374,333.89014004883967,1
-241.57558396458626,47.22347338217306,1
188.42441603541374,-366.8506006919009,1
403.42441603541374,-80.18393402523424,1
-416.26308396458626,-175.73948958078978,1
13.736916035413742,397.59384375254336,1
-201.26308396458626,110.92717708587676,1
228.73691603541374,-271.2950451363454,1
-308.76308396458626,302.03828819698776,1
121.23691603541374,15.371621530321262,1
-93.76308396458626,-409.3197364943701,1
336.23691603541374,164.01359683896314,1
-362.51308396458626,-122.65306982770338,1
67.48691603541374,-218.20862538325898,1
-147.51308396458626,355.1247079500743,1
282.48691603541374,68.45804128340772,1
-255.01308396458626,-313.76418093881455,1
174.98691603541374,259.5691523945187,1
-40.01308396458626,-27.097514272147823,1
389.98691603541374,-345.6160327906664,1
-389.38808396458626,227.71730054266692,1
-174.38808396458626,-154.50492167955522,1
255.61191603541374,418.82841165377795,1
-281.88808396458626,132.16174498711132,1
148.11191603541374,-250.06047723511082,1
-66.88808396458626,323.27285609822235,1
363.11191603541374,36.606189431555734,1
-335.63808396458626,-377.46788464251824,1
94.36191603541374,195.86544869081513,1
-120.63808396458626,-90.80121797585153,1
309.36191603541374,-186.35677353140707,1
-228.13808396458626,386.97655980192616,1
-13.138083964586258,-281.9123290869627,1
416.86191603541374,291.42100424637056,1
-422.98183396458626,4.754337579703931,1
7.018166035413742,-423.4761150951931,1
-207.98183396458626,149.85721823814015,1
-315.48183396458626,-232.365003984082,1
114.51816603541374,340.96832934925123,1
-100.48183396458626,54.30166268258465,1
329.51816603541374,-327.92055953963757,1
-369.23183396458626,245.41277379369566,1
-154.23183396458626,-359.77241139148947,1
-261.73183396458626,-73.10574472482276,1
-46.73183396458626,404.67203305295493,1
383.26816603541374,118.00536638628834,1
-396.10683396458626,-264.21685583593387,1
33.89316603541374,309.11647749739933,1
248.89316603541374,-391.62426324334126,1
-288.60683396458626,181.70907008999205,1
356.39316603541374,372.8201812011031,1
-342.35683396458626,86.15351453443645,1
87.64316603541374,-296.0687076877857,1
-127.35683396458626,277.2646256455475,1
302.64316603541374,-9.40204102111905,1
-234.85683396458626,-402.2415471939585,1
410.14316603541374,-211.13043608284744,1
-409.54433396458626,362.2028972504858,1
20.455666035413742,75.53623058381922,1
-194.54433396458626,-306.685991638403,1
235.45566603541374,266.6473416949302,1
127.95566603541374,-338.5378434902549,1
342.95566603541374,-51.871176823588186,1
-355.79433396458626,-147.42673237914374,1
74.20566603541374,425.9066009541895,1
-140.79433396458626,139.2399342875229,1
289.20566603541374,-242.9822879346993,1
-248.29433396458626,330.3510453986339,1
181.70566603541374,43.68437873196732,1
-33.29433396458626,-370.3896953421067,1
396.70566603541374,202.9436379912266,1
-382.66933396458626,-83.72302867544003,1
47.33066603541374,-179.2785842309956,1
-167.66933396458626,394.0547491023376,1
262.33066603541374,107.38808243567102,1
-275.16933396458626,-274.83413978655113,1
154.83066603541374,298.499193546782,1
369.83066603541374,-412.85883114457584,1
-328.91933396458626,160.47450218875738,1
101.08066603541374,-126.19216447790917,1
-113.91933396458626,-221.74772003346473,1
316.08066603541374,351.5856132998686,1
-221.41933396458626,64.91894663320198,1
208.58066603541374,-317.30327558902025,1
-6.419333964586258,256.030057744313,1
423.58066603541374,-30.636608922353616,1
-426.34120896458626,-349.1551274408721,1
3.658791035413742,224.1782058924612,1
-211.34120896458626,-62.488460774205464,1
-318.84120896458626,415.2893170035722,1
326.15879103541374,319.7337614480166,1
-372.59120896458626,33.06709478134999,1
57.40879103541374,-381.00697929272394,1
-157.59120896458626,192.32635404060937,1
272.40879103541374,-94.34031262605731,1
-265.09120896458626,-189.89586818161285,1
164.90879103541374,383.4374651517204,1
379.90879103541374,-285.4514237371684,1
-399.46620896458626,287.8819095961648,1
30.533791035413742,1.215242929498186,1
-184.46620896458626,-428.19490796213415,1
-291.96620896458626,-141.52824129546747,1
138.03379103541374,-237.083796851023,1
-76.96620896458626,336.2495364823102,1
353.03379103541374,49.58286981564359,1
-345.71620896458626,-332.6393524065786,1
84.28379103541374,240.6939809267546,1
87.83813903108239,331.03999534899833,0
302.8381390310824,-369.7007453917424,0
-234.6618609689176,203.632587941591,0
410.3381390310824,394.743699052702,0
-409.3493609689176,108.0770323860354,0
20.65063903108239,-274.14518983618683,0
-194.3493609689176,299.1881434971464,0
235.6506390310824,12.521476830479898,0
-301.8493609689176,-412.16988119421154,0
343.1506390310824,-221.05877008310043,0
-355.5993609689176,352.274563250233,0
181.9006390310824,-348.46617749050785,0
396.9006390310824,-61.79951082384118,0
-382.4743609689176,-157.35506637939673,0
47.52563903108239,415.97826695393655,0
-167.4743609689176,129.31160028726995,0
262.5256390310824,-252.91062193495227,0
-274.9743609689176,320.42271139838095,0
155.0256390310824,33.75604473171437,0
-59.97436096891761,-380.3180293423597,0
370.0256390310824,193.01530399097376,0
-328.7243609689176,-93.65136267569304,0
101.27563903108239,-189.20691823124858,0
316.2756390310824,97.45974843541816,0
-221.2243609689176,-284.76247378680415,0
208.7756390310824,288.57085954652916,0
213.31562261977498,304.98470833202333,0
423.7756390310824,-426.32625979503456,0
420.4089117806469,-423.94826677729617,0
-426.1462359689176,147.00707353829878,0
-428.4992488502119,177.40348888342683,0
-211.1462359689176,-235.21514868392347,0
-211.91513540964976,-244.15115288999093,0
-318.6462359689176,51.45151798274328,0
-318.64162594510555,54.05705239742431,0
111.35376403108239,-330.770704239479,0
129.68711858284453,-322.2438618944388,0
326.3537640310824,-44.10403757281241,0
324.20498201025043,-27.087051675974806,0
-372.3962359689176,-362.62255609133086,0
-385.7204471285405,-371.0707557196566,0
57.60376403108239,210.71077724200248,0
41.75052591589556,203.41795164761498,0
-157.3962359689176,-75.95588942466426,0
-157.00304790732193,-74.15714829101347,0
-264.8962359689176,401.8218883531136,0
-250.4128468570054,411.8326067901228,0
380.1037640310824,306.266332797558,0
390.3052994405348,324.7291554601866,0
30.72876403108239,-394.4744079431827,0
44.590510330140276,-397.29579772880146,0