1.0,2208.0,1146.0,2.0,4.0,4.0,1585.0,0.0,0.0,0.0,1.0,2.0,100.0,1213.0,0
0.0,2267.0,7.0,2.0,8.0,4.0,165.0,0.0,0.0,0.0,0.0,2.0,160.0,1.0,0
0.0,2958.0,175.0,1.0,4.0,4.0,125.0,0.0,0.0,0.0,1.0,2.0,280.0,1.0,0
0.0,2167.0,115.0,1.0,5.0,3.0,0.0,1.0,1.0,11.0,1.0,2.0,0.0,1.0,1
1.0,2017.0,817.0,2.0,6.0,4.0,196.0,1.0,1.0,14.0,0.0,2.0,60.0,159.0,1
0.0,1583.0,585.0,2.0,8.0,8.0,15.0,1.0,1.0,2.0,0.0,2.0,100.0,1.0,1
1.0,1742.0,65.0,2.0,3.0,4.0,125.0,0.0,0.0,0.0,0.0,2.0,60.0,101.0,0
0.0,5867.0,446.0,2.0,11.0,8.0,304.0,1.0,1.0,6.0,0.0,2.0,43.0,561.0,1
1.0,2783.0,1.0,1.0,2.0,8.0,3.0,0.0,0.0,0.0,0.0,2.0,176.0,538.0,0
0.0,5575.0,708.0,2.0,4.0,8.0,675.0,1.0,1.0,3.0,1.0,2.0,100.0,51.0,0
1.0,335.0,175.0,2.0,14.0,8.0,45.0,1.0,1.0,4.0,1.0,2.0,253.0,858.0,1
1.0,4142.0,5.0,2.0,11.0,8.0,5.0,1.0,1.0,6.0,1.0,2.0,470.0,1.0,1
1.0,2067.0,125.0,1.0,8.0,8.0,1375.0,1.0,1.0,3.0,1.0,2.0,140.0,211.0,0
1.0,3492.0,5.0,2.0,14.0,8.0,75.0,1.0,1.0,6.0,1.0,2.0,0.0,1001.0,1
1.0,5858.0,271.0,2.0,8.0,4.0,2415.0,0.0,0.0,0.0,1.0,2.0,320.0,1.0,0
1.0,4808.0,604.0,2.0,4.0,4.0,4.0,0.0,0.0,0.0,0.0,2.0,0.0,2691.0,1
1.0,2958.0,45.0,2.0,9.0,4.0,75.0,1.0,1.0,2.0,1.0,2.0,330.0,1.0,1
0.0,1892.0,9.0,2.0,6.0,4.0,75.0,1.0,1.0,2.0,0.0,2.0,88.0,592.0,1
1.0,20.0,125.0,1.0,4.0,4.0,125.0,0.0,0.0,0.0,0.0,2.0,140.0,5.0,0
0.0,2242.0,5665.0,2.0,11.0,4.0,2585.0,1.0,1.0,7.0,0.0,2.0,129.0,3258.0,1
0.0,2817.0,585.0,2.0,6.0,4.0,4.0,0.0,0.0,0.0,0.0,2.0,260.0,1005.0,0
0.0,1917.0,585.0,1.0,6.0,4.0,585.0,1.0,0.0,0.0,1.0,2.0,160.0,1.0,0
1.0,4117.0,1335.0,2.0,2.0,4.0,165.0,0.0,0.0,0.0,0.0,2.0,168.0,1.0,0
1.0,4158.0,175.0,2.0,4.0,4.0,21.0,1.0,0.0,0.0,0.0,2.0,160.0,1.0,0
1.0,195.0,9585.0,2.0,6.0,4.0,79.0,0.0,0.0,0.0,0.0,2.0,80.0,351.0,0
1.0,3275.0,15.0,2.0,13.0,8.0,55.0,1.0,1.0,3.0,1.0,2.0,0.0,1.0,1
1.0,225.0,125.0,1.0,4.0,4.0,125.0,0.0,0.0,0.0,0.0,2.0,200.0,71.0,0
1.0,3317.0,304.0,1.0,8.0,8.0,204.0,1.0,1.0,1.0,1.0,2.0,180.0,18028.0,1
0.0,3067.0,12.0,2.0,8.0,4.0,2.0,1.0,1.0,1.0,0.0,2.0,220.0,20.0,1
1.0,2308.0,25.0,2.0,8.0,4.0,1085.0,1.0,1.0,11.0,1.0,2.0,60.0,2185.0,1
1.0,27.0,75.0,2.0,8.0,8.0,425.0,1.0,1.0,3.0,1.0,2.0,312.0,151.0,1
0.0,2042.0,105.0,1.0,14.0,8.0,0.0,0.0,0.0,0.0,1.0,2.0,154.0,33.0,0
1.0,5233.0,1375.0,1.0,8.0,8.0,946.0,1.0,0.0,0.0,1.0,2.0,200.0,101.0,0
1.0,2308.0,115.0,2.0,9.0,8.0,2125.0,1.0,1.0,11.0,1.0,2.0,290.0,285.0,1
1.0,4283.0,125.0,2.0,7.0,4.0,13875.0,0.0,1.0,1.0,1.0,2.0,352.0,113.0,0
1.0,7483.0,19.0,1.0,1.0,1.0,4.0,0.0,1.0,2.0,0.0,2.0,0.0,352.0,0
1.0,25.0,125.0,2.0,6.0,4.0,3.0,1.0,0.0,0.0,1.0,1.0,20.0,1.0,1
1.0,3958.0,13915.0,2.0,9.0,4.0,8625.0,1.0,1.0,6.0,1.0,2.0,70.0,1.0,1
0.0,4775.0,8.0,2.0,8.0,4.0,7875.0,1.0,1.0,6.0,1.0,2.0,0.0,1261.0,1
0.0,4742.0,3.0,2.0,14.0,4.0,13875.0,1.0,1.0,2.0,1.0,2.0,519.0,1705.0,1
1.0,2317.0,0.0,2.0,13.0,4.0,85.0,1.0,0.0,0.0,0.0,2.0,0.0,1.0,1
1.0,2258.0,15.0,1.0,6.0,4.0,54.0,0.0,0.0,0.0,1.0,2.0,120.0,68.0,0
1.0,2675.0,1125.0,2.0,14.0,8.0,125.0,1.0,0.0,0.0,0.0,2.0,0.0,5299.0,1
1.0,6333.0,54.0,2.0,8.0,4.0,585.0,1.0,1.0,3.0,1.0,2.0,180.0,1.0,0
1.0,2375.0,415.0,1.0,8.0,4.0,4.0,0.0,1.0,2.0,0.0,2.0,128.0,7.0,0
0.0,2075.0,1025.0,2.0,11.0,4.0,71.0,1.0,1.0,2.0,1.0,2.0,49.0,1.0,1
0.0,245.0,175.0,1.0,8.0,4.0,165.0,0.0,0.0,0.0,0.0,2.0,132.0,1.0,0
1.0,1617.0,4.0,2.0,8.0,4.0,4.0,0.0,0.0,0.0,0.0,2.0,0.0,1.0,1
0.0,295.0,2.0,1.0,10.0,8.0,2.0,0.0,0.0,0.0,0.0,2.0,256.0,18.0,0
0.0,5283.0,15.0,2.0,8.0,4.0,55.0,1.0,1.0,14.0,0.0,2.0,0.0,2201.0,1
1.0,3233.0,35.0,2.0,4.0,4.0,5.0,0.0,0.0,0.0,1.0,2.0,232.0,1.0,0
1.0,2108.0,4125.0,1.0,3.0,8.0,4.0,0.0,0.0,0.0,0.0,2.0,140.0,101.0,0
1.0,2817.0,125.0,1.0,4.0,4.0,85.0,0.0,0.0,0.0,0.0,2.0,216.0,2101.0,0
1.0,19.0,175.0,1.0,8.0,4.0,2335.0,0.0,0.0,0.0,1.0,2.0,112.0,7.0,0
1.0,2758.0,325.0,1.0,11.0,8.0,5085.0,0.0,1.0,2.0,1.0,2.0,369.0,2.0,0
1.0,2783.0,15.0,2.0,9.0,4.0,2.0,1.0,1.0,11.0,1.0,2.0,434.0,36.0,1
1.0,40.0,65.0,2.0,6.0,5.0,35.0,1.0,1.0,1.0,0.0,2.0,0.0,501.0,1
0.0,3733.0,25.0,2.0,3.0,8.0,21.0,0.0,0.0,0.0,0.0,2.0,260.0,247.0,0
1.0,425.0,4915.0,1.0,9.0,4.0,3165.0,1.0,0.0,0.0,1.0,2.0,52.0,1443.0,1
1.0,5675.0,1225.0,2.0,7.0,4.0,125.0,1.0,1.0,4.0,1.0,2.0,200.0,1.0,1
1.0,4317.0,5.0,2.0,3.0,5.0,225.0,0.0,0.0,0.0,1.0,2.0,141.0,1.0,0
0.0,2375.0,71.0,2.0,9.0,4.0,25.0,0.0,1.0,1.0,1.0,2.0,240.0,5.0,0
1.0,185.0,2.0,2.0,3.0,4.0,15.0,1.0,1.0,2.0,0.0,2.0,120.0,301.0,1
0.0,4083.0,35.0,2.0,3.0,5.0,5.0,0.0,0.0,0.0,0.0,1.0,1160.0,1.0,0
0.0,245.0,5.0,2.0,11.0,8.0,15.0,1.0,0.0,0.0,0.0,2.0,280.0,825.0,1
1.0,42.0,979.0,2.0,14.0,8.0,796.0,1.0,1.0,8.0,0.0,2.0,0.0,1.0,1
0.0,195.0,165.0,2.0,11.0,4.0,4.0,0.0,0.0,0.0,1.0,2.0,380.0,1.0,0
1.0,215.0,115.0,2.0,3.0,4.0,5.0,1.0,0.0,0.0,1.0,2.0,100.0,69.0,0
1.0,3125.0,2835.0,2.0,1.0,1.0,0.0,0.0,1.0,5.0,0.0,2.0,176.0,147.0,0
1.0,2725.0,1585.0,2.0,13.0,8.0,1835.0,1.0,1.0,12.0,1.0,2.0,583.0,714.0,1
1.0,4875.0,26335.0,1.0,1.0,1.0,0.0,1.0,0.0,0.0,1.0,2.0,0.0,1.0,0
0.0,3042.0,1375.0,2.0,9.0,8.0,4.0,0.0,1.0,3.0,0.0,2.0,0.0,34.0,0
1.0,2942.0,125.0,2.0,9.0,4.0,175.0,0.0,0.0,0.0,0.0,2.0,200.0,1.0,0
1.0,2825.0,504.0,1.0,8.0,5.0,15.0,1.0,1.0,8.0,1.0,2.0,144.0,8.0,1
1.0,4025.0,215.0,2.0,10.0,9.0,20.0,1.0,1.0,11.0,0.0,2.0,0.0,1201.0,1
1.0,365.0,425.0,2.0,11.0,4.0,35.0,0.0,0.0,0.0,0.0,2.0,454.0,51.0,0
1.0,2558.0,335.0,2.0,4.0,8.0,35.0,0.0,0.0,0.0,1.0,2.0,340.0,1.0,0
1.0,2983.0,35.0,2.0,8.0,4.0,165.0,0.0,0.0,0.0,0.0,2.0,216.0,1.0,0
1.0,2308.0,0.0,2.0,4.0,4.0,1.0,0.0,1.0,11.0,0.0,1.0,0.0,1.0,0
0.0,3217.0,146.0,2.0,9.0,4.0,1085.0,1.0,1.0,16.0,0.0,2.0,120.0,2080.0,1
1.0,2517.0,35.0,2.0,13.0,4.0,625.0,1.0,1.0,7.0,0.0,2.0,0.0,7060.0,1
0.0,3517.0,375.0,2.0,1.0,1.0,0.0,0.0,1.0,6.0,0.0,2.0,0.0,201.0,0
0.0,1858.0,10.0,2.0,2.0,4.0,415.0,0.0,0.0,0.0,0.0,2.0,80.0,43.0,0
1.0,3992.0,5.0,2.0,3.0,5.0,21.0,0.0,0.0,0.0,0.0,2.0,550.0,1.0,0
1.0,2342.0,1.0,2.0,8.0,4.0,5.0,0.0,0.0,0.0,1.0,1.0,280.0,1.0,0
1.0,3758.0,0.0,2.0,8.0,4.0,0.0,0.0,0.0,0.0,0.0,3.0,184.0,1.0,1
0.0,2475.0,13665.0,2.0,11.0,8.0,15.0,0.0,0.0,0.0,0.0,2.0,280.0,2.0,0
0.0,47.0,13.0,2.0,3.0,5.0,5165.0,1.0,1.0,9.0,1.0,2.0,0.0,1.0,1
1.0,3417.0,525.0,2.0,9.0,4.0,85.0,0.0,0.0,0.0,1.0,2.0,290.0,7.0,1
1.0,2217.0,585.0,1.0,1.0,1.0,0.0,0.0,0.0,0.0,0.0,2.0,100.0,1.0,0
1.0,2775.0,129.0,2.0,4.0,8.0,25.0,0.0,0.0,0.0,1.0,1.0,140.0,1.0,0
1.0,4275.0,4085.0,2.0,6.0,4.0,4.0,0.0,0.0,0.0,0.0,2.0,108.0,101.0,0
1.0,2867.0,145.0,2.0,2.0,4.0,125.0,0.0,0.0,0.0,0.0,2.0,0.0,287.0,0
1.0,3625.0,5.0,2.0,8.0,5.0,25.0,1.0,1.0,6.0,0.0,2.0,0.0,368.0,1
0.0,1817.0,10.0,1.0,11.0,8.0,165.0,0.0,0.0,0.0,0.0,2.0,340.0,1.0,0
1.0,2125.0,15.0,2.0,9.0,4.0,15.0,0.0,0.0,0.0,0.0,2.0,150.0,9.0,1
0.0,3892.0,1665.0,2.0,6.0,4.0,25.0,0.0,0.0,0.0,0.0,2.0,0.0,391.0,0
1.0,3183.0,4.0,1.0,7.0,4.0,4.0,0.0,0.0,0.0,0.0,2.0,0.0,1.0,0
0.0,1733.0,95.0,2.0,6.0,4.0,175.0,0.0,1.0,10.0,1.0,2.0,0.0,11.0,0
0.0,2042.0,835.0,2.0,11.0,4.0,1585.0,1.0,1.0,1.0,0.0,2.0,0.0,1.0,1
0.0,3908.0,4.0,2.0,8.0,4.0,3.0,0.0,0.0,0.0,0.0,2.0,480.0,1.0,0
1.0,3867.0,21.0,2.0,4.0,4.0,85.0,1.0,0.0,0.0,1.0,2.0,280.0,1.0,1
1.0,2767.0,1375.0,2.0,9.0,4.0,575.0,1.0,0.0,0.0,1.0,2.0,487.0,501.0,1
1.0,2775.0,585.0,1.0,13.0,4.0,25.0,1.0,1.0,2.0,0.0,2.0,260.0,501.0,1
1.0,19.0,0.0,1.0,1.0,1.0,0.0,0.0,1.0,4.0,0.0,2.0,45.0,2.0,0
0.0,25.0,875.0,2.0,14.0,8.0,104.0,1.0,0.0,0.0,1.0,2.0,160.0,5861.0,1
1.0,2767.0,2.0,2.0,14.0,8.0,1.0,1.0,1.0,4.0,0.0,2.0,140.0,7545.0,1
1.0,2225.0,9.0,2.0,6.0,4.0,85.0,0.0,0.0,0.0,0.0,2.0,0.0,1.0,0
0.0,4983.0,13585.0,2.0,4.0,8.0,85.0,1.0,0.0,0.0,1.0,2.0,0.0,1.0,1
1.0,3233.0,25.0,2.0,8.0,4.0,125.0,0.0,0.0,0.0,1.0,2.0,280.0,1.0,0
1.0,3825.0,10125.0,1.0,4.0,4.0,125.0,0.0,0.0,0.0,0.0,2.0,160.0,1.0,0
1.0,4733.0,65.0,2.0,8.0,4.0,1.0,0.0,0.0,0.0,1.0,2.0,0.0,229.0,0
1.0,2783.0,4.0,1.0,3.0,8.0,575.0,1.0,1.0,2.0,1.0,2.0,75.0,1.0,0
0.0,3575.0,915.0,2.0,6.0,4.0,75.0,1.0,1.0,4.0,0.0,2.0,0.0,1584.0,1
1.0,3358.0,25.0,2.0,3.0,5.0,4.0,0.0,0.0,0.0,1.0,1.0,420.0,1.0,0
1.0,3408.0,8.0,1.0,7.0,5.0,4.0,1.0,1.0,1.0,1.0,2.0,280.0,2001.0,1
0.0,2075.0,10335.0,2.0,13.0,8.0,335.0,1.0,1.0,1.0,1.0,2.0,80.0,51.0,1
1.0,3317.0,1.0,2.0,14.0,4.0,75.0,1.0,1.0,7.0,1.0,2.0,340.0,4072.0,1
1.0,2275.0,11.0,2.0,11.0,4.0,25.0,1.0,1.0,7.0,1.0,2.0,100.0,810.0,1
1.0,4875.0,85.0,2.0,8.0,8.0,125.0,1.0,1.0,9.0,0.0,2.0,181.0,1656.0,1
1.0,4058.0,5.0,2.0,8.0,4.0,5.0,1.0,1.0,7.0,0.0,2.0,0.0,3066.0,1
1.0,2067.0,835.0,1.0,8.0,4.0,2.0,0.0,0.0,0.0,1.0,1.0,240.0,1.0,0
0.0,3875.0,15.0,2.0,1.0,1.0,0.0,0.0,0.0,0.0,0.0,2.0,76.0,1.0,0
0.0,5708.0,195.0,2.0,8.0,4.0,55.0,1.0,1.0,7.0,0.0,2.0,0.0,3001.0,1
0.0,3125.0,375.0,2.0,13.0,8.0,625.0,1.0,1.0,9.0,1.0,2.0,181.0,1.0,1
1.0,22.0,79.0,2.0,9.0,4.0,29.0,0.0,1.0,1.0,0.0,2.0,420.0,284.0,0
0.0,5833.0,10.0,2.0,11.0,4.0,4.0,1.0,1.0,14.0,0.0,2.0,0.0,1603.0,1
1.0,2892.0,375.0,2.0,8.0,4.0,29.0,0.0,0.0,0.0,0.0,2.0,220.0,141.0,0
0.0,46.0,4.0,2.0,5.0,3.0,0.0,1.0,0.0,0.0,0.0,2.0,100.0,961.0,1
1.0,21.0,3.0,1.0,2.0,4.0,1085.0,1.0,1.0,8.0,1.0,2.0,160.0,2.0,1
0.0,2475.0,125.0,2.0,6.0,4.0,15.0,1.0,1.0,12.0,1.0,2.0,120.0,568.0,1
0.0,2083.0,5.0,1.0,10.0,2.0,1.0,0.0,0.0,0.0,0.0,2.0,260.0,1.0,0
1.0,2458.0,135.0,1.0,1.0,1.0,0.0,0.0,0.0,0.0,0.0,2.0,184.0,1.0,0
0.0,265.0,271.0,1.0,8.0,4.0,85.0,0.0,0.0,0.0,0.0,1.0,80.0,1.0,0
1.0,4092.0,835.0,2.0,1.0,1.0,0.0,1.0,0.0,0.0,0.0,2.0,130.0,2.0,0
0.0,3833.0,4415.0,2.0,8.0,4.0,125.0,0.0,0.0,0.0,0.0,2.0,160.0,1.0,0
1.0,1958.0,585.0,2.0,1.0,1.0,0.0,0.0,1.0,3.0,0.0,2.0,350.0,770.0,0
1.0,3925.0,95.0,2.0,7.0,4.0,65.0,1.0,1.0,14.0,0.0,2.0,240.0,4608.0,1
1.0,2575.0,5.0,2.0,8.0,4.0,146.0,1.0,1.0,5.0,1.0,2.0,312.0,1.0,1
0.0,4608.0,3.0,2.0,8.0,4.0,2375.0,1.0,1.0,8.0,1.0,2.0,396.0,4160.0,1
1.0,1967.0,10.0,1.0,4.0,8.0,835.0,1.0,0.0,0.0,1.0,2.0,140.0,1.0,0
0.0,2225.0,125.0,1.0,1.0,1.0,325.0,0.0,0.0,0.0,0.0,2.0,280.0,1.0,0
1.0,1883.0,354.0,1.0,1.0,1.0,0.0,0.0,0.0,0.0,1.0,2.0,180.0,2.0,0
1.0,6408.0,20.0,2.0,14.0,8.0,175.0,1.0,1.0,9.0,1.0,2.0,0.0,1001.0,1
0.0,165.0,125.0,2.0,11.0,4.0,25.0,0.0,1.0,1.0,0.0,2.0,108.0,99.0,0
0.0,6867.0,15.0,2.0,10.0,9.0,0.0,1.0,1.0,14.0,0.0,2.0,0.0,3377.0,1
1.0,7675.0,2229.0,2.0,10.0,9.0,1275.0,1.0,1.0,1.0,1.0,2.0,0.0,110.0,1
0.0,1592.0,2875.0,2.0,11.0,4.0,85.0,0.0,0.0,0.0,0.0,2.0,120.0,1.0,0
1.0,3483.0,4.0,2.0,2.0,5.0,125.0,1.0,0.0,0.0,1.0,2.0,184.0,1.0,0
0.0,4742.0,8.0,2.0,10.0,5.0,65.0,1.0,1.0,6.0,0.0,2.0,375.0,51101.0,1
1.0,2317.0,0.0,2.0,8.0,4.0,0.0,0.0,0.0,0.0,0.0,3.0,184.0,1.0,1
1.0,4517.0,15.0,2.0,8.0,4.0,25.0,1.0,0.0,0.0,1.0,2.0,140.0,1.0,0
1.0,1517.0,7.0,2.0,10.0,4.0,1.0,0.0,0.0,0.0,0.0,2.0,600.0,1.0,0
1.0,1883.0,415.0,1.0,8.0,4.0,165.0,0.0,1.0,1.0,0.0,2.0,200.0,2.0,0
1.0,525.0,65.0,2.0,4.0,4.0,629.0,1.0,1.0,15.0,0.0,2.0,0.0,11203.0,1
1.0,1917.0,0.0,1.0,7.0,5.0,0.0,0.0,0.0,0.0,1.0,1.0,500.0,2.0,1
1.0,18.0,165.0,2.0,11.0,7.0,21.0,0.0,0.0,0.0,0.0,2.0,200.0,41.0,1
1.0,375.0,835.0,2.0,10.0,4.0,4.0,0.0,0.0,0.0,0.0,2.0,120.0,6.0,0
1.0,2267.0,1585.0,1.0,9.0,4.0,3085.0,1.0,1.0,6.0,0.0,2.0,80.0,1.0,1
1.0,4783.0,4165.0,2.0,14.0,5.0,85.0,0.0,0.0,0.0,1.0,2.0,520.0,1.0,0
1.0,3408.0,25.0,2.0,8.0,4.0,1.0,0.0,0.0,0.0,0.0,2.0,460.0,17.0,0
0.0,3308.0,1625.0,2.0,2.0,4.0,54.0,0.0,0.0,0.0,1.0,2.0,0.0,1.0,0
1.0,4308.0,375.0,1.0,8.0,4.0,375.0,1.0,1.0,8.0,1.0,2.0,300.0,163.0,1
1.0,345.0,404.0,1.0,3.0,5.0,85.0,1.0,1.0,7.0,1.0,2.0,195.0,1.0,1
1.0,4275.0,3.0,2.0,3.0,5.0,1.0,1.0,0.0,0.0,0.0,2.0,0.0,201.0,0
1.0,1825.0,165.0,2.0,2.0,4.0,25.0,0.0,0.0,0.0,1.0,1.0,280.0,1.0,0
1.0,2308.0,25.0,2.0,1.0,1.0,85.0,0.0,0.0,0.0,1.0,2.0,100.0,4209.0,0
0.0,225.0,846.0,1.0,14.0,4.0,246.0,0.0,0.0,0.0,0.0,2.0,164.0,1.0,1
1.0,1792.0,205.0,2.0,6.0,4.0,4.0,0.0,0.0,0.0,0.0,2.0,280.0,751.0,0
1.0,1842.0,10415.0,1.0,6.0,4.0,125.0,1.0,0.0,0.0,0.0,2.0,120.0,376.0,0
0.0,2767.0,15.0,2.0,7.0,4.0,2.0,1.0,0.0,0.0,0.0,1.0,368.0,1.0,0
0.0,1892.0,925.0,1.0,8.0,4.0,1.0,1.0,1.0,4.0,1.0,2.0,80.0,501.0,1
1.0,2267.0,75.0,2.0,3.0,4.0,1585.0,0.0,1.0,1.0,1.0,2.0,400.0,10.0,0
1.0,625.0,1275.0,1.0,8.0,8.0,5.0,1.0,0.0,0.0,0.0,2.0,112.0,1.0,0
0.0,235.0,9.0,2.0,11.0,4.0,85.0,1.0,1.0,5.0,1.0,2.0,120.0,1.0,1
1.0,3525.0,3165.0,2.0,14.0,8.0,375.0,1.0,0.0,0.0,1.0,2.0,680.0,1.0,0
0.0,5683.0,425.0,1.0,1.0,1.0,5.0,0.0,0.0,0.0,1.0,2.0,0.0,5.0,0
0.0,5333.0,165.0,2.0,1.0,1.0,0.0,0.0,0.0,0.0,1.0,1.0,62.0,28.0,0
1.0,4117.0,404.0,2.0,13.0,8.0,7.0,1.0,1.0,8.0,0.0,2.0,320.0,1.0,1
1.0,4217.0,504.0,2.0,11.0,8.0,1275.0,1.0,0.0,0.0,1.0,2.0,92.0,1.0,1
1.0,4117.0,125.0,1.0,9.0,4.0,25.0,0.0,0.0,0.0,0.0,2.0,0.0,196.0,0
0.0,3375.0,75.0,2.0,4.0,5.0,1.0,1.0,1.0,3.0,1.0,2.0,212.0,1.0,0
1.0,2567.0,125.0,2.0,13.0,4.0,121.0,1.0,1.0,67.0,1.0,2.0,140.0,259.0,1
1.0,2433.0,6625.0,1.0,2.0,4.0,55.0,1.0,0.0,0.0,1.0,1.0,100.0,1.0,1
1.0,2333.0,11625.0,1.0,9.0,4.0,835.0,1.0,0.0,0.0,1.0,2.0,160.0,301.0,1
1.0,3067.0,25.0,2.0,13.0,8.0,225.0,0.0,0.0,0.0,1.0,1.0,340.0,1.0,0
1.0,3717.0,4.0,2.0,8.0,5.0,5.0,1.0,0.0,0.0,1.0,1.0,280.0,1.0,0
1.0,2625.0,154.0,2.0,9.0,4.0,125.0,0.0,0.0,0.0,0.0,2.0,100.0,1.0,0
0.0,2975.0,665.0,2.0,9.0,4.0,25.0,0.0,0.0,0.0,1.0,2.0,300.0,1.0,0
0.0,23.0,1835.0,2.0,5.0,3.0,0.0,0.0,1.0,1.0,0.0,2.0,200.0,54.0,0
1.0,1725.0,3.0,2.0,4.0,4.0,4.0,0.0,0.0,0.0,1.0,2.0,160.0,41.0,0
1.0,2925.0,1479.0,2.0,6.0,4.0,504.0,1.0,1.0,5.0,1.0,2.0,168.0,1.0,1
0.0,2858.0,354.0,2.0,3.0,5.0,5.0,1.0,0.0,0.0,1.0,2.0,171.0,1.0,0
1.0,3458.0,0.0,2.0,8.0,4.0,0.0,0.0,0.0,0.0,0.0,3.0,184.0,1.0,0
1.0,2342.0,585.0,2.0,8.0,8.0,85.0,1.0,0.0,0.0,0.0,2.0,180.0,1.0,0
1.0,25.0,1125.0,2.0,8.0,4.0,25.0,1.0,1.0,17.0,0.0,2.0,200.0,1209.0,1
0.0,1875.0,75.0,2.0,11.0,4.0,271.0,1.0,1.0,5.0,0.0,2.0,184.0,26727.0,1
1.0,1708.0,25.0,2.0,11.0,4.0,335.0,0.0,1.0,4.0,0.0,2.0,160.0,9.0,0
0.0,1608.0,335.0,2.0,1.0,1.0,0.0,0.0,1.0,1.0,0.0,2.0,160.0,127.0,0
1.0,3292.0,25.0,2.0,6.0,4.0,175.0,0.0,1.0,2.0,1.0,2.0,720.0,1.0,0
0.0,2033.0,10.0,2.0,8.0,8.0,1.0,1.0,1.0,4.0,0.0,2.0,50.0,1466.0,1
0.0,2175.0,175.0,1.0,5.0,3.0,0.0,0.0,0.0,0.0,0.0,2.0,160.0,1.0,0
1.0,3317.0,104.0,2.0,12.0,8.0,65.0,1.0,0.0,0.0,1.0,2.0,164.0,31286.0,1
0.0,2533.0,2085.0,2.0,8.0,8.0,275.0,1.0,0.0,0.0,1.0,2.0,360.0,2.0,0
0.0,2475.0,3.0,2.0,11.0,8.0,1835.0,1.0,1.0,19.0,0.0,2.0,0.0,501.0,1
1.0,3083.0,0.0,2.0,9.0,4.0,125.0,1.0,1.0,1.0,0.0,2.0,202.0,1.0,1
1.0,2075.0,5085.0,1.0,5.0,4.0,29.0,0.0,0.0,0.0,0.0,2.0,140.0,185.0,0
0.0,4033.0,8125.0,1.0,4.0,4.0,165.0,0.0,1.0,2.0,0.0,2.0,184.0,19.0,0
1.0,2942.0,125.0,2.0,8.0,8.0,25.0,0.0,1.0,2.0,1.0,2.0,400.0,109.0,0
1.0,4092.0,5.0,1.0,7.0,4.0,5.0,0.0,0.0,0.0,1.0,2.0,130.0,1.0,0
0.0,295.0,46.0,2.0,4.0,4.0,54.0,1.0,1.0,4.0,0.0,2.0,380.0,501.0,1
1.0,5442.0,5.0,1.0,4.0,8.0,396.0,1.0,0.0,0.0,0.0,2.0,180.0,315.0,1
1.0,34.0,55.0,1.0,8.0,4.0,15.0,0.0,0.0,0.0,1.0,2.0,60.0,1.0,0
1.0,25.0,12.0,2.0,4.0,4.0,225.0,1.0,1.0,2.0,1.0,2.0,120.0,6.0,0
0.0,2658.0,254.0,1.0,1.0,1.0,0.0,0.0,0.0,0.0,1.0,2.0,180.0,61.0,0
0.0,3308.0,4625.0,2.0,11.0,8.0,1625.0,1.0,1.0,2.0,0.0,2.0,0.0,1.0,1
1.0,3367.0,2165.0,2.0,8.0,4.0,15.0,0.0,0.0,0.0,0.0,3.0,120.0,1.0,0
1.0,3617.0,55.0,2.0,3.0,5.0,5.0,0.0,0.0,0.0,0.0,2.0,210.0,688.0,0
1.0,195.0,29.0,2.0,4.0,4.0,29.0,0.0,0.0,0.0,0.0,2.0,280.0,365.0,0
1.0,2417.0,875.0,2.0,11.0,4.0,4625.0,1.0,1.0,2.0,1.0,2.0,520.0,2001.0,1
0.0,305.0,65.0,2.0,8.0,5.0,4.0,1.0,1.0,7.0,1.0,2.0,0.0,3066.0,1
1.0,20.0,7.0,2.0,8.0,4.0,5.0,0.0,0.0,0.0,0.0,2.0,0.0,1.0,0
1.0,2533.0,58.0,2.0,8.0,4.0,29.0,1.0,1.0,7.0,1.0,2.0,96.0,5125.0,1
1.0,2958.0,475.0,2.0,7.0,4.0,2.0,0.0,1.0,1.0,1.0,2.0,460.0,69.0,0
1.0,4317.0,225.0,2.0,3.0,5.0,75.0,1.0,0.0,0.0,0.0,2.0,560.0,1.0,0
1.0,2875.0,1165.0,2.0,4.0,4.0,5.0,1.0,0.0,0.0,0.0,1.0,280.0,1.0,0
1.0,3157.0,3.0,1.0,3.0,5.0,7.0,0.0,0.0,0.0,0.0,2.0,0.0,2.0,0
1.0,2025.0,996.0,2.0,10.0,2.0,0.0,1.0,0.0,0.0,0.0,2.0,0.0,1.0,1
1.0,45.0,85.0,2.0,13.0,8.0,14.0,1.0,1.0,1.0,1.0,2.0,88.0,2001.0,1
0.0,2283.0,229.0,2.0,11.0,8.0,229.0,1.0,1.0,7.0,1.0,2.0,140.0,2385.0,1
0.0,2067.0,3.0,2.0,11.0,4.0,165.0,1.0,1.0,3.0,0.0,2.0,100.0,7.0,1
1.0,2783.0,15.0,2.0,9.0,4.0,225.0,0.0,1.0,1.0,1.0,2.0,100.0,4.0,0
1.0,4092.0,225.0,1.0,14.0,8.0,10.0,1.0,0.0,0.0,1.0,2.0,176.0,1.0,0
1.0,5642.0,28.0,1.0,8.0,4.0,285.0,1.0,1.0,40.0,0.0,2.0,0.0,16.0,1
0.0,6408.0,165.0,2.0,1.0,1.0,0.0,1.0,1.0,1.0,0.0,2.0,232.0,101.0,1
0.0,2242.0,1125.0,1.0,14.0,8.0,75.0,1.0,1.0,4.0,0.0,2.0,0.0,322.0,1
0.0,2433.0,25.0,1.0,3.0,5.0,45.0,0.0,0.0,0.0,0.0,2.0,200.0,457.0,0
0.0,695.0,6.0,2.0,1.0,1.0,0.0,0.0,0.0,0.0,0.0,1.0,0.0,1.0,0
1.0,3558.0,75.0,2.0,4.0,4.0,15.0,0.0,0.0,0.0,1.0,2.0,231.0,1.0,0
1.0,4833.0,12.0,2.0,7.0,4.0,16.0,1.0,0.0,0.0,0.0,1.0,110.0,1.0,1
0.0,2808.0,15.0,1.0,10.0,9.0,0.0,1.0,0.0,0.0,0.0,2.0,0.0,13213.0,1
1.0,3517.0,25.0,2.0,4.0,4.0,45.0,1.0,1.0,7.0,0.0,2.0,150.0,1271.0,1
1.0,495.0,7585.0,2.0,3.0,5.0,7585.0,1.0,1.0,15.0,1.0,2.0,0.0,5001.0,1
1.0,8025.0,55.0,2.0,8.0,4.0,54.0,1.0,0.0,0.0,0.0,2.0,0.0,341.0,0
1.0,2925.0,13.0,2.0,2.0,8.0,5.0,0.0,0.0,0.0,0.0,2.0,228.0,1.0,0
0.0,1692.0,5.0,2.0,3.0,4.0,165.0,0.0,1.0,6.0,1.0,2.0,240.0,36.0,0
0.0,16.0,165.0,2.0,6.0,4.0,1.0,0.0,1.0,2.0,1.0,2.0,320.0,2.0,0
1.0,6008.0,145.0,2.0,1.0,1.0,18.0,1.0,1.0,15.0,1.0,2.0,0.0,1001.0,1
1.0,28.0,2.0,2.0,4.0,8.0,4165.0,1.0,1.0,2.0,1.0,2.0,181.0,1.0,1
1.0,415.0,154.0,2.0,3.0,5.0,35.0,0.0,0.0,0.0,0.0,2.0,216.0,1.0,1
1.0,2408.0,9.0,2.0,6.0,4.0,25.0,0.0,0.0,0.0,1.0,2.0,0.0,1.0,0
1.0,245.0,13335.0,1.0,6.0,4.0,4.0,0.0,0.0,0.0,1.0,2.0,120.0,476.0,0
1.0,3475.0,15.0,2.0,12.0,7.0,5375.0,1.0,1.0,9.0,1.0,2.0,0.0,135.0,1
1.0,3367.0,125.0,2.0,9.0,4.0,1165.0,0.0,0.0,0.0,0.0,2.0,120.0,1.0,0
0.0,4083.0,10.0,2.0,11.0,8.0,175.0,1.0,0.0,0.0,0.0,2.0,29.0,838.0,1
1.0,2042.0,1835.0,2.0,8.0,4.0,225.0,1.0,1.0,1.0,0.0,2.0,100.0,151.0,1
1.0,375.0,1125.0,1.0,2.0,4.0,15.0,0.0,0.0,0.0,1.0,2.0,431.0,1.0,1
1.0,485.0,425.0,2.0,7.0,4.0,125.0,1.0,0.0,0.0,1.0,2.0,225.0,1.0,1
1.0,23.0,75.0,2.0,7.0,4.0,5.0,0.0,0.0,0.0,1.0,1.0,320.0,1.0,0
1.0,35.0,3375.0,2.0,8.0,8.0,829.0,0.0,0.0,0.0,1.0,2.0,0.0,1.0,0
1.0,1633.0,275.0,2.0,6.0,4.0,665.0,0.0,1.0,1.0,0.0,2.0,80.0,22.0,0
1.0,2267.0,105.0,2.0,11.0,8.0,1335.0,1.0,0.0,0.0,0.0,2.0,100.0,1.0,1
0.0,2175.0,1175.0,2.0,8.0,4.0,25.0,0.0,0.0,0.0,1.0,2.0,180.0,1.0,0
0.0,2508.0,254.0,1.0,6.0,4.0,25.0,1.0,0.0,0.0,1.0,2.0,370.0,1.0,1
1.0,3633.0,2125.0,1.0,9.0,4.0,85.0,1.0,1.0,1.0,0.0,2.0,50.0,1188.0,1
0.0,2858.0,375.0,2.0,8.0,4.0,25.0,0.0,1.0,1.0,1.0,2.0,40.0,155.0,0
1.0,2217.0,12125.0,2.0,8.0,4.0,3335.0,0.0,1.0,2.0,1.0,2.0,180.0,174.0,0
1.0,3417.0,154.0,2.0,13.0,4.0,154.0,1.0,1.0,1.0,1.0,2.0,520.0,50001.0,1
1.0,35.0,25.0,2.0,3.0,4.0,1.0,0.0,0.0,0.0,1.0,2.0,210.0,1.0,0
1.0,2858.0,3625.0,2.0,6.0,4.0,25.0,0.0,0.0,0.0,1.0,2.0,100.0,1.0,0
0.0,1917.0,5415.0,2.0,3.0,8.0,29.0,0.0,0.0,0.0,0.0,2.0,80.0,485.0,0
1.0,2325.0,1.0,2.0,8.0,4.0,835.0,1.0,0.0,0.0,0.0,1.0,300.0,1.0,1
1.0,165.0,125.0,2.0,8.0,4.0,165.0,0.0,0.0,0.0,0.0,2.0,132.0,1.0,0
0.0,2008.0,125.0,2.0,11.0,4.0,1.0,0.0,1.0,1.0,0.0,2.0,240.0,769.0,1
1.0,2233.0,11.0,2.0,9.0,4.0,2.0,1.0,1.0,1.0,0.0,2.0,80.0,279.0,1
1.0,34.0,5085.0,1.0,3.0,5.0,1085.0,0.0,0.0,0.0,1.0,2.0,480.0,1.0,0
0.0,5708.0,335.0,2.0,3.0,5.0,1.0,1.0,0.0,0.0,1.0,2.0,252.0,2198.0,0
1.0,1625.0,835.0,2.0,7.0,4.0,85.0,1.0,0.0,0.0,0.0,1.0,200.0,1.0,0
1.0,3283.0,25.0,2.0,13.0,8.0,275.0,1.0,1.0,6.0,0.0,2.0,160.0,2073.0,1
1.0,4825.0,25085.0,2.0,9.0,4.0,175.0,1.0,1.0,3.0,0.0,2.0,120.0,15.0,1
1.0,3417.0,275.0,2.0,3.0,5.0,25.0,0.0,0.0,0.0,1.0,2.0,232.0,201.0,0
1.0,1833.0,121.0,1.0,10.0,2.0,0.0,0.0,0.0,0.0,0.0,2.0,100.0,1.0,0
1.0,4425.0,5.0,2.0,7.0,4.0,1075.0,1.0,0.0,0.0,0.0,1.0,400.0,1.0,0
1.0,3892.0,175.0,2.0,4.0,4.0,5.0,0.0,0.0,0.0,1.0,2.0,300.0,3.0,0
1.0,3158.0,75.0,1.0,6.0,4.0,35.0,0.0,0.0,0.0,1.0,2.0,320.0,1.0,0
1.0,2508.0,171.0,2.0,14.0,4.0,1665.0,1.0,1.0,1.0,1.0,2.0,395.0,21.0,1
1.0,6542.0,11.0,2.0,10.0,9.0,20.0,1.0,1.0,7.0,1.0,2.0,22.0,1.0,1
1.0,4133.0,0.0,2.0,8.0,5.0,15.0,1.0,0.0,0.0,0.0,2.0,0.0,1.0,1
1.0,3125.0,1125.0,2.0,1.0,1.0,0.0,0.0,1.0,1.0,0.0,2.0,96.0,20.0,0
0.0,3675.0,471.0,2.0,1.0,1.0,0.0,0.0,0.0,0.0,0.0,2.0,160.0,1.0,0
1.0,3233.0,75.0,2.0,10.0,5.0,1585.0,1.0,0.0,0.0,1.0,1.0,420.0,1.0,0
0.0,3192.0,3125.0,2.0,1.0,1.0,304.0,0.0,1.0,2.0,1.0,2.0,200.0,5.0,0
1.0,2483.0,275.0,2.0,8.0,4.0,225.0,1.0,1.0,6.0,0.0,2.0,184.0,601.0,1
1.0,2192.0,54.0,1.0,14.0,4.0,4.0,1.0,1.0,1.0,1.0,2.0,840.0,60.0,1
1.0,3425.0,3.0,2.0,13.0,8.0,7415.0,1.0,0.0,0.0,1.0,2.0,0.0,1.0,1
1.0,5183.0,3.0,1.0,1.0,1.0,15.0,0.0,0.0,0.0,0.0,2.0,180.0,5.0,0
0.0,3157.0,15.0,2.0,1.0,1.0,0.0,0.0,1.0,2.0,1.0,2.0,200.0,106.0,0
1.0,3842.0,705.0,2.0,8.0,4.0,375.0,0.0,1.0,2.0,0.0,2.0,225.0,501.0,0
1.0,3917.0,171.0,2.0,14.0,4.0,125.0,1.0,1.0,5.0,1.0,2.0,480.0,1.0,1
1.0,1817.0,246.0,2.0,8.0,7.0,96.0,0.0,1.0,2.0,1.0,2.0,160.0,588.0,0
1.0,39.0,5.0,2.0,13.0,4.0,35.0,1.0,1.0,10.0,1.0,2.0,0.0,1.0,1
1.0,20.0,11045.0,2.0,8.0,4.0,2.0,0.0,0.0,0.0,1.0,2.0,136.0,1.0,0
1.0,3275.0,2335.0,2.0,2.0,8.0,575.0,0.0,0.0,0.0,1.0,2.0,292.0,1.0,0
1.0,1858.0,571.0,2.0,2.0,4.0,54.0,0.0,0.0,0.0,0.0,2.0,120.0,1.0,0
0.0,1583.0,7625.0,2.0,11.0,4.0,125.0,0.0,1.0,1.0,1.0,2.0,0.0,161.0,0
1.0,3933.0,5875.0,2.0,13.0,8.0,10.0,1.0,1.0,14.0,1.0,2.0,399.0,1.0,1
0.0,1958.0,665.0,2.0,9.0,4.0,1665.0,0.0,0.0,0.0,0.0,2.0,220.0,6.0,0
1.0,2133.0,105.0,2.0,8.0,4.0,3.0,1.0,0.0,0.0,1.0,2.0,0.0,1.0,1
0.0,2267.0,75.0,2.0,8.0,4.0,2.0,0.0,1.0,2.0,1.0,2.0,200.0,395.0,0
1.0,2567.0,325.0,2.0,8.0,8.0,229.0,0.0,1.0,1.0,1.0,2.0,416.0,22.0,0
1.0,2108.0,10085.0,1.0,10.0,8.0,125.0,0.0,0.0,0.0,0.0,2.0,260.0,1.0,0
0.0,49.0,15.0,2.0,5.0,3.0,0.0,1.0,0.0,0.0,1.0,2.0,100.0,28.0,0
1.0,2067.0,529.0,2.0,11.0,4.0,375.0,1.0,1.0,1.0,0.0,2.0,160.0,1.0,0
0.0,1967.0,21.0,2.0,11.0,8.0,29.0,1.0,1.0,11.0,0.0,2.0,80.0,100.0,1
1.0,2183.0,25.0,2.0,2.0,8.0,665.0,1.0,0.0,0.0,1.0,2.0,0.0,1.0,1
1.0,2683.0,54.0,2.0,4.0,1.0,0.0,0.0,0.0,0.0,0.0,2.0,100.0,1.0,0
0.0,3858.0,5.0,2.0,13.0,4.0,135.0,1.0,0.0,0.0,1.0,2.0,980.0,1.0,0
0.0,5008.0,1254.0,2.0,6.0,4.0,229.0,1.0,1.0,3.0,1.0,2.0,156.0,1.0,1
0.0,1575.0,375.0,2.0,8.0,4.0,1.0,0.0,0.0,0.0,0.0,2.0,120.0,19.0,0
0.0,245.0,1275.0,2.0,8.0,5.0,475.0,1.0,1.0,2.0,0.0,2.0,73.0,445.0,1
1.0,21.0,479.0,1.0,9.0,4.0,225.0,1.0,1.0,1.0,1.0,2.0,80.0,301.0,1
1.0,2208.0,11.0,2.0,13.0,4.0,665.0,1.0,0.0,0.0,0.0,2.0,100.0,1.0,1
1.0,5458.0,9415.0,2.0,1.0,1.0,14415.0,1.0,1.0,11.0,1.0,2.0,30.0,301.0,1
1.0,1808.0,55.0,2.0,4.0,4.0,5.0,1.0,0.0,0.0,0.0,2.0,80.0,1.0,1
1.0,3667.0,4415.0,1.0,4.0,4.0,25.0,1.0,1.0,10.0,1.0,2.0,320.0,1.0,1
1.0,3817.0,10125.0,2.0,14.0,4.0,25.0,1.0,1.0,6.0,0.0,2.0,520.0,197.0,1
1.0,2183.0,154.0,2.0,4.0,4.0,85.0,0.0,0.0,0.0,1.0,2.0,356.0,1.0,0
0.0,5192.0,65.0,2.0,3.0,5.0,3085.0,0.0,0.0,0.0,1.0,2.0,73.0,1.0,0
1.0,2217.0,225.0,2.0,3.0,4.0,125.0,0.0,0.0,0.0,0.0,2.0,160.0,11.0,0
1.0,5242.0,15.0,2.0,2.0,4.0,375.0,0.0,0.0,0.0,1.0,2.0,0.0,351.0,0
0.0,6092.0,5.0,2.0,6.0,4.0,4.0,1.0,1.0,4.0,0.0,2.0,0.0,100.0,1
1.0,2017.0,5625.0,2.0,9.0,4.0,171.0,1.0,0.0,0.0,0.0,1.0,120.0,1.0,1
1.0,2325.0,4.0,2.0,8.0,5.0,25.0,1.0,0.0,0.0,1.0,2.0,160.0,1.0,1
1.0,3617.0,42.0,1.0,9.0,4.0,29.0,0.0,0.0,0.0,1.0,2.0,309.0,3.0,0
0.0,4225.0,175.0,1.0,8.0,4.0,0.0,0.0,0.0,0.0,1.0,2.0,150.0,2.0,0
1.0,2358.0,835.0,2.0,3.0,8.0,85.0,0.0,0.0,0.0,1.0,2.0,220.0,6.0,0
0.0,36.0,1.0,2.0,8.0,4.0,2.0,1.0,1.0,11.0,0.0,2.0,0.0,457.0,1
1.0,3958.0,5.0,2.0,1.0,1.0,0.0,0.0,1.0,2.0,0.0,2.0,17.0,2.0,0
0.0,1883.0,4415.0,1.0,8.0,8.0,3.0,1.0,0.0,0.0,0.0,2.0,240.0,1.0,1
1.0,2725.0,625.0,2.0,6.0,4.0,455.0,1.0,0.0,0.0,1.0,2.0,200.0,1.0,0
1.0,3242.0,3.0,2.0,2.0,4.0,165.0,0.0,0.0,0.0,1.0,2.0,120.0,1.0,0
1.0,1942.0,15.0,1.0,13.0,4.0,2.0,1.0,0.0,0.0,1.0,2.0,100.0,21.0,0
0.0,2258.0,1075.0,2.0,11.0,4.0,415.0,1.0,1.0,5.0,1.0,2.0,0.0,561.0,1
1.0,3992.0,621.0,2.0,11.0,4.0,4.0,1.0,1.0,1.0,0.0,2.0,200.0,301.0,1
1.0,2267.0,165.0,2.0,8.0,3.0,225.0,0.0,0.0,0.0,1.0,1.0,0.0,1.0,1
0.0,2342.0,79.0,1.0,11.0,4.0,15.0,1.0,1.0,2.0,1.0,2.0,80.0,401.0,1
0.0,30.0,529.0,2.0,10.0,2.0,225.0,1.0,1.0,5.0,1.0,2.0,99.0,501.0,1
0.0,4033.0,754.0,1.0,11.0,8.0,8.0,1.0,1.0,14.0,0.0,2.0,0.0,2301.0,1
0.0,3675.0,5125.0,2.0,10.0,4.0,5.0,1.0,0.0,0.0,1.0,2.0,0.0,4001.0,1
1.0,31.0,2085.0,2.0,8.0,4.0,85.0,0.0,0.0,0.0,0.0,2.0,300.0,1.0,0
0.0,2517.0,2875.0,2.0,14.0,8.0,875.0,1.0,0.0,0.0,0.0,2.0,360.0,1.0,1
1.0,2742.0,125.0,2.0,6.0,5.0,25.0,0.0,0.0,0.0,1.0,2.0,720.0,1.0,0
1.0,3157.0,4.0,2.0,14.0,4.0,5.0,1.0,1.0,3.0,1.0,2.0,290.0,2280.0,1
1.0,3408.0,65.0,2.0,6.0,4.0,125.0,1.0,0.0,0.0,1.0,2.0,443.0,1.0,0
1.0,2208.0,2335.0,2.0,4.0,4.0,75.0,0.0,0.0,0.0,0.0,2.0,180.0,1.0,0
1.0,3108.0,3085.0,2.0,8.0,4.0,25.0,0.0,1.0,2.0,1.0,2.0,160.0,42.0,0
1.0,3157.0,5.0,2.0,8.0,5.0,835.0,1.0,0.0,0.0,1.0,1.0,320.0,1.0,0
1.0,16.0,3125.0,2.0,9.0,4.0,85.0,0.0,1.0,1.0,0.0,2.0,0.0,7.0,0
1.0,2725.0,1665.0,2.0,13.0,8.0,5085.0,1.0,1.0,9.0,0.0,2.0,399.0,828.0,1
1.0,2517.0,3.0,2.0,8.0,4.0,125.0,0.0,1.0,1.0,0.0,2.0,0.0,23.0,0
1.0,6775.0,55.0,2.0,10.0,9.0,13.0,1.0,1.0,1.0,1.0,2.0,0.0,1.0,1
0.0,1883.0,95.0,2.0,9.0,4.0,1625.0,1.0,1.0,6.0,1.0,2.0,40.0,601.0,1
0.0,2725.0,29.0,2.0,7.0,8.0,125.0,0.0,1.0,1.0,1.0,2.0,272.0,109.0,0
0.0,1958.0,665.0,1.0,8.0,4.0,1.0,0.0,1.0,1.0,0.0,2.0,2000.0,3.0,0
1.0,3075.0,1585.0,2.0,2.0,4.0,585.0,0.0,0.0,0.0,1.0,1.0,0.0,1.0,0
0.0,5025.0,835.0,2.0,6.0,4.0,5.0,0.0,0.0,0.0,1.0,2.0,240.0,118.0,0
1.0,3108.0,15.0,1.0,9.0,4.0,4.0,0.0,0.0,0.0,0.0,1.0,160.0,1.0,0
1.0,5158.0,15.0,2.0,8.0,4.0,85.0,1.0,1.0,9.0,0.0,2.0,0.0,1.0,1
0.0,3658.0,29.0,2.0,1.0,1.0,0.0,0.0,1.0,10.0,0.0,2.0,200.0,19.0,0
1.0,3358.0,275.0,2.0,7.0,4.0,425.0,1.0,1.0,6.0,0.0,2.0,204.0,1.0,1
0.0,2083.0,3.0,2.0,6.0,4.0,4.0,1.0,0.0,0.0,0.0,2.0,100.0,1.0,1
1.0,3617.0,18125.0,2.0,9.0,4.0,85.0,0.0,0.0,0.0,0.0,2.0,320.0,3553.0,0
1.0,5075.0,585.0,2.0,1.0,1.0,0.0,0.0,0.0,0.0,0.0,2.0,145.0,1.0,0
0.0,2358.0,83.0,2.0,11.0,4.0,415.0,0.0,1.0,1.0,1.0,2.0,200.0,12.0,0
1.0,3517.0,45.0,2.0,14.0,8.0,575.0,0.0,0.0,0.0,1.0,1.0,711.0,1.0,1
0.0,5842.0,21.0,2.0,3.0,5.0,10.0,1.0,1.0,13.0,0.0,2.0,0.0,6701.0,1
1.0,2825.0,875.0,2.0,7.0,4.0,96.0,1.0,1.0,3.0,1.0,2.0,396.0,1.0,1
1.0,3157.0,625.0,2.0,4.0,4.0,25.0,0.0,0.0,0.0,0.0,2.0,380.0,2011.0,0
0.0,3175.0,3.0,1.0,5.0,3.0,0.0,0.0,0.0,0.0,0.0,2.0,160.0,21.0,0
1.0,1942.0,65.0,2.0,9.0,8.0,146.0,1.0,1.0,7.0,0.0,2.0,80.0,2955.0,1
1.0,3908.0,6.0,2.0,7.0,4.0,129.0,1.0,1.0,5.0,1.0,2.0,108.0,1098.0,1
1.0,1708.0,329.0,2.0,3.0,4.0,335.0,0.0,0.0,0.0,1.0,2.0,140.0,3.0,0
1.0,4483.0,7.0,1.0,8.0,4.0,1625.0,0.0,0.0,0.0,0.0,2.0,160.0,3.0,0
1.0,1625.0,0.0,1.0,6.0,4.0,25.0,0.0,0.0,0.0,0.0,2.0,60.0,1.0,0
0.0,4117.0,65.0,2.0,11.0,4.0,5.0,1.0,1.0,3.0,1.0,2.0,145.0,1.0,1
1.0,2892.0,15.0,2.0,8.0,8.0,5335.0,1.0,1.0,11.0,0.0,2.0,0.0,2284.0,1
0.0,2617.0,2.0,2.0,5.0,3.0,0.0,0.0,0.0,0.0,1.0,2.0,276.0,2.0,0
1.0,3858.0,3335.0,2.0,9.0,4.0,4.0,1.0,1.0,14.0,0.0,2.0,383.0,1345.0,1
1.0,2517.0,6.0,2.0,8.0,4.0,1.0,1.0,1.0,3.0,0.0,2.0,0.0,1.0,1
0.0,2817.0,375.0,2.0,11.0,4.0,585.0,1.0,1.0,4.0,0.0,2.0,80.0,1.0,1
1.0,7342.0,1775.0,2.0,1.0,1.0,0.0,1.0,0.0,0.0,1.0,2.0,0.0,1.0,1
1.0,225.0,115.0,1.0,7.0,4.0,15.0,0.0,0.0,0.0,1.0,2.0,0.0,4001.0,0
0.0,2717.0,125.0,2.0,1.0,1.0,0.0,0.0,1.0,1.0,0.0,2.0,92.0,301.0,0
0.0,1917.0,8585.0,2.0,13.0,8.0,75.0,1.0,1.0,7.0,0.0,2.0,96.0,1.0,1
0.0,2558.0,0.0,2.0,8.0,4.0,0.0,0.0,0.0,0.0,0.0,3.0,184.0,1.0,1
1.0,3157.0,4.0,1.0,2.0,4.0,425.0,0.0,0.0,0.0,1.0,2.0,460.0,1.0,0
0.0,225.0,85.0,2.0,11.0,4.0,175.0,1.0,1.0,10.0,0.0,2.0,80.0,991.0,0
0.0,2292.0,125.0,2.0,11.0,4.0,25.0,0.0,0.0,0.0,1.0,2.0,120.0,810.0,0
1.0,2325.0,12625.0,2.0,8.0,4.0,125.0,0.0,1.0,2.0,0.0,2.0,0.0,5553.0,0
0.0,295.0,1085.0,1.0,14.0,4.0,1.0,0.0,0.0,0.0,0.0,2.0,280.0,14.0,0
0.0,32.0,6.0,2.0,2.0,4.0,125.0,0.0,0.0,0.0,0.0,2.0,272.0,1.0,0
1.0,27.0,15.0,1.0,9.0,4.0,375.0,1.0,0.0,0.0,1.0,2.0,260.0,1066.0,1
1.0,1933.0,10915.0,2.0,8.0,5.0,585.0,0.0,1.0,2.0,1.0,2.0,200.0,8.0,0
1.0,3575.0,2415.0,2.0,9.0,4.0,125.0,0.0,1.0,2.0,0.0,2.0,220.0,2.0,0
1.0,1883.0,0.0,2.0,11.0,4.0,665.0,0.0,0.0,0.0,0.0,2.0,160.0,2.0,0
0.0,2875.0,375.0,2.0,8.0,4.0,1085.0,1.0,1.0,1.0,1.0,2.0,371.0,1.0,1
1.0,3442.0,425.0,2.0,3.0,5.0,325.0,1.0,1.0,2.0,0.0,2.0,274.0,611.0,1
0.0,3325.0,3.0,1.0,6.0,4.0,2.0,0.0,0.0,0.0,0.0,2.0,180.0,1.0,0
1.0,5392.0,9625.0,2.0,10.0,4.0,8665.0,1.0,1.0,5.0,0.0,2.0,0.0,1.0,1
1.0,2525.0,1.0,2.0,6.0,4.0,5.0,0.0,0.0,0.0,0.0,2.0,200.0,1.0,0
1.0,3242.0,2165.0,1.0,4.0,1.0,0.0,0.0,0.0,0.0,0.0,2.0,120.0,1.0,0
0.0,2108.0,5.0,1.0,1.0,1.0,0.0,0.0,0.0,0.0,0.0,2.0,0.0,1.0,0
0.0,565.0,16.0,2.0,5.0,1.0,0.0,1.0,1.0,15.0,0.0,2.0,0.0,248.0,1
1.0,3225.0,165.0,1.0,8.0,8.0,325.0,1.0,1.0,1.0,1.0,2.0,432.0,8001.0,1
0.0,205.0,11835.0,2.0,8.0,8.0,6.0,1.0,0.0,0.0,0.0,2.0,340.0,1.0,1
0.0,3025.0,55.0,2.0,4.0,4.0,55.0,0.0,0.0,0.0,1.0,1.0,100.0,1.0,0
0.0,2458.0,67.0,2.0,6.0,8.0,175.0,1.0,0.0,0.0,0.0,2.0,400.0,1.0,0
1.0,2317.0,11125.0,2.0,14.0,8.0,46.0,1.0,1.0,1.0,0.0,2.0,100.0,1.0,1
0.0,3157.0,1125.0,2.0,1.0,1.0,0.0,0.0,0.0,0.0,0.0,2.0,184.0,5201.0,0
0.0,3233.0,54.0,2.0,13.0,4.0,4.0,1.0,0.0,0.0,0.0,2.0,440.0,11178.0,1
1.0,2392.0,15.0,2.0,2.0,8.0,1875.0,1.0,1.0,6.0,0.0,2.0,200.0,328.0,1
1.0,3675.0,125.0,1.0,8.0,4.0,15.0,0.0,0.0,0.0,1.0,2.0,232.0,114.0,1
1.0,2983.0,125.0,1.0,4.0,4.0,25.0,0.0,0.0,0.0,0.0,2.0,224.0,1.0,0
0.0,2408.0,5.0,2.0,11.0,8.0,125.0,1.0,1.0,1.0,0.0,2.0,0.0,679.0,1
1.0,2117.0,25.0,1.0,8.0,8.0,25.0,0.0,0.0,0.0,0.0,2.0,280.0,205.0,0
1.0,3142.0,155.0,2.0,8.0,4.0,5.0,1.0,0.0,0.0,0.0,2.0,120.0,1.0,0
1.0,2283.0,3.0,2.0,7.0,4.0,129.0,1.0,1.0,1.0,0.0,2.0,260.0,801.0,1
1.0,375.0,175.0,1.0,8.0,5.0,25.0,1.0,0.0,0.0,1.0,2.0,164.0,401.0,0
0.0,2483.0,45.0,2.0,9.0,4.0,1.0,0.0,0.0,0.0,1.0,2.0,360.0,7.0,0
1.0,3633.0,379.0,2.0,9.0,4.0,1165.0,1.0,0.0,0.0,1.0,2.0,200.0,1.0,0
0.0,4725.0,75.0,2.0,11.0,8.0,275.0,1.0,1.0,1.0,0.0,2.0,333.0,893.0,1
1.0,3208.0,4.0,1.0,13.0,4.0,15.0,0.0,0.0,0.0,1.0,2.0,120.0,1.0,0
0.0,3058.0,10665.0,2.0,11.0,8.0,85.0,0.0,1.0,12.0,1.0,2.0,129.0,4.0,0
1.0,2783.0,154.0,2.0,9.0,4.0,375.0,1.0,1.0,5.0,1.0,2.0,100.0,4.0,1
1.0,5483.0,155.0,2.0,10.0,9.0,0.0,1.0,1.0,20.0,0.0,2.0,152.0,131.0,0
1.0,1608.0,75.0,2.0,8.0,4.0,175.0,1.0,1.0,5.0,1.0,2.0,352.0,691.0,1
1.0,2458.0,125.0,2.0,9.0,4.0,875.0,1.0,0.0,0.0,1.0,2.0,260.0,1.0,0
1.0,3267.0,55.0,2.0,11.0,8.0,55.0,1.0,1.0,12.0,1.0,2.0,408.0,1001.0,1
1.0,3017.0,5.0,2.0,8.0,4.0,175.0,1.0,1.0,11.0,0.0,2.0,32.0,541.0,1
1.0,2225.0,46.0,2.0,4.0,4.0,125.0,0.0,0.0,0.0,1.0,2.0,280.0,56.0,0
1.0,4175.0,96.0,2.0,14.0,4.0,25.0,1.0,0.0,0.0,0.0,2.0,510.0,601.0,1
1.0,3667.0,2.0,2.0,3.0,4.0,25.0,0.0,0.0,0.0,1.0,2.0,221.0,1.0,0
1.0,2583.0,12835.0,2.0,13.0,4.0,5.0,0.0,0.0,0.0,0.0,2.0,0.0,3.0,0
1.0,2992.0,1835.0,2.0,8.0,8.0,4335.0,1.0,0.0,0.0,0.0,2.0,260.0,201.0,1
1.0,2008.0,25.0,2.0,11.0,4.0,125.0,0.0,0.0,0.0,0.0,2.0,200.0,1.0,0
1.0,1967.0,375.0,2.0,11.0,4.0,2.0,1.0,1.0,2.0,1.0,2.0,80.0,1.0,1
1.0,5142.0,4.0,2.0,14.0,8.0,4.0,1.0,0.0,0.0,0.0,2.0,0.0,3001.0,1
1.0,6275.0,7.0,2.0,10.0,9.0,0.0,0.0,0.0,0.0,0.0,2.0,0.0,13.0,0
1.0,4058.0,329.0,2.0,7.0,4.0,35.0,0.0,0.0,0.0,1.0,1.0,400.0,1.0,0
0.0,1633.0,21.0,2.0,6.0,4.0,125.0,0.0,0.0,0.0,0.0,2.0,200.0,2.0,0
1.0,295.0,58.0,2.0,9.0,4.0,29.0,0.0,1.0,1.0,0.0,2.0,340.0,2804.0,0
1.0,34.0,45.0,2.0,6.0,4.0,1.0,1.0,0.0,0.0,1.0,2.0,240.0,1.0,0
0.0,7158.0,0.0,2.0,8.0,4.0,0.0,0.0,0.0,0.0,0.0,3.0,184.0,1.0,1
1.0,42.0,205.0,2.0,3.0,8.0,5125.0,1.0,0.0,0.0,0.0,2.0,400.0,1.0,1
0.0,225.0,11.0,1.0,11.0,4.0,3.0,1.0,0.0,0.0,1.0,2.0,268.0,1.0,0
1.0,2442.0,2.0,2.0,10.0,2.0,165.0,0.0,1.0,2.0,0.0,2.0,320.0,1301.0,0
1.0,4433.0,5.0,2.0,3.0,8.0,5.0,1.0,0.0,0.0,1.0,2.0,320.0,1.0,1
0.0,23.0,1175.0,2.0,14.0,8.0,5.0,1.0,1.0,2.0,1.0,2.0,300.0,552.0,1
1.0,3442.0,1335.0,2.0,3.0,5.0,125.0,0.0,0.0,0.0,1.0,2.0,440.0,4501.0,0
1.0,2308.0,115.0,2.0,3.0,4.0,35.0,1.0,1.0,9.0,0.0,2.0,56.0,743.0,1
1.0,2592.0,875.0,2.0,4.0,4.0,375.0,0.0,1.0,2.0,1.0,2.0,174.0,4.0,0
0.0,1758.0,9.0,2.0,6.0,4.0,1375.0,1.0,0.0,0.0,1.0,2.0,0.0,1.0,1
1.0,2042.0,1085.0,2.0,11.0,4.0,15.0,0.0,0.0,0.0,0.0,2.0,108.0,8.0,0
1.0,3167.0,16165.0,2.0,2.0,4.0,3.0,1.0,1.0,9.0,0.0,2.0,250.0,731.0,1
0.0,5758.0,2.0,2.0,1.0,1.0,65.0,0.0,1.0,1.0,0.0,2.0,0.0,11.0,0
1.0,5967.0,154.0,2.0,11.0,4.0,125.0,1.0,0.0,0.0,1.0,2.0,260.0,1.0,1
0.0,6517.0,14.0,2.0,1.0,1.0,0.0,1.0,1.0,11.0,1.0,2.0,0.0,1401.0,1
1.0,3008.0,104.0,1.0,3.0,5.0,5.0,1.0,1.0,10.0,1.0,2.0,132.0,29.0,0
1.0,4858.0,65.0,2.0,11.0,8.0,6.0,1.0,0.0,0.0,1.0,2.0,350.0,1.0,1
0.0,2358.0,115.0,1.0,4.0,8.0,3.0,0.0,0.0,0.0,1.0,2.0,20.0,17.0,0
1.0,2017.0,925.0,2.0,8.0,4.0,1665.0,1.0,1.0,3.0,1.0,2.0,40.0,29.0,1
1.0,4817.0,7625.0,2.0,9.0,8.0,155.0,1.0,1.0,12.0,0.0,2.0,0.0,791.0,1
1.0,2325.0,15.0,2.0,11.0,4.0,2375.0,1.0,1.0,3.0,1.0,2.0,0.0,583.0,1
1.0,3225.0,14.0,1.0,1.0,1.0,0.0,0.0,1.0,2.0,0.0,2.0,160.0,2.0,0
1.0,3358.0,335.0,1.0,13.0,4.0,85.0,0.0,0.0,0.0,0.0,2.0,180.0,1.0,0
1.0,2358.0,46.0,1.0,9.0,4.0,2625.0,1.0,1.0,6.0,1.0,2.0,208.0,348.0,0
1.0,1692.0,335.0,1.0,4.0,4.0,29.0,0.0,0.0,0.0,0.0,1.0,200.0,1.0,0
0.0,2083.0,85.0,2.0,8.0,4.0,165.0,0.0,0.0,0.0,0.0,2.0,0.0,352.0,0
0.0,6058.0,165.0,2.0,11.0,4.0,11.0,1.0,0.0,0.0,1.0,2.0,21.0,10562.0,1
1.0,3157.0,5.0,1.0,6.0,4.0,85.0,1.0,0.0,0.0,0.0,2.0,0.0,1.0,0
0.0,25.0,1233.0,2.0,13.0,8.0,35.0,1.0,1.0,6.0,0.0,2.0,400.0,459.0,1
1.0,215.0,975.0,2.0,8.0,4.0,25.0,1.0,0.0,0.0,0.0,2.0,140.0,1.0,0
1.0,2042.0,0.0,2.0,8.0,4.0,0.0,0.0,0.0,0.0,0.0,3.0,184.0,1.0,0
0.0,2525.0,135.0,1.0,1.0,1.0,2.0,0.0,1.0,1.0,1.0,2.0,200.0,2.0,0
1.0,4283.0,4625.0,2.0,11.0,4.0,458.0,1.0,0.0,0.0,0.0,1.0,0.0,1.0,1
1.0,2667.0,175.0,1.0,8.0,4.0,1.0,1.0,1.0,5.0,1.0,2.0,160.0,5778.0,1
1.0,5783.0,704.0,2.0,7.0,4.0,14.0,1.0,1.0,6.0,1.0,2.0,360.0,1333.0,1
1.0,5592.0,115.0,2.0,1.0,1.0,5.0,1.0,1.0,5.0,0.0,2.0,0.0,8852.0,1
1.0,5133.0,10.0,2.0,3.0,5.0,0.0,1.0,1.0,11.0,0.0,2.0,0.0,1250.0,1
1.0,3983.0,5.0,2.0,7.0,4.0,25.0,1.0,0.0,0.0,0.0,1.0,288.0,1.0,0
1.0,2758.0,204.0,1.0,6.0,4.0,2.0,1.0,1.0,3.0,1.0,2.0,370.0,561.0,1
1.0,3017.0,65.0,2.0,13.0,4.0,3125.0,1.0,1.0,8.0,0.0,2.0,330.0,1201.0,1
1.0,5183.0,204.0,1.0,1.0,1.0,15.0,0.0,0.0,0.0,0.0,2.0,120.0,2.0,0
0.0,25.0,11.0,1.0,6.0,4.0,45.0,1.0,0.0,0.0,0.0,2.0,120.0,1.0,0
1.0,2967.0,75.0,1.0,8.0,4.0,4.0,0.0,0.0,0.0,0.0,2.0,240.0,1.0,0
0.0,3367.0,375.0,2.0,13.0,4.0,375.0,0.0,0.0,0.0,0.0,2.0,300.0,45.0,1
1.0,2575.0,75.0,2.0,8.0,5.0,25.0,1.0,0.0,0.0,0.0,2.0,349.0,24.0,1
0.0,2867.0,104.0,2.0,8.0,4.0,25.0,1.0,1.0,5.0,1.0,2.0,300.0,1431.0,1
0.0,1808.0,375.0,3.0,13.0,1.0,10.0,0.0,0.0,0.0,1.0,1.0,300.0,1.0,1
1.0,2042.0,7.0,2.0,8.0,4.0,1625.0,1.0,1.0,3.0,0.0,2.0,200.0,1392.0,1
1.0,175.0,22.0,3.0,1.0,7.0,0.0,0.0,0.0,0.0,1.0,3.0,450.0,100001.0,1
1.0,1808.0,675.0,1.0,7.0,4.0,4.0,0.0,0.0,0.0,0.0,2.0,140.0,1.0,0
1.0,4767.0,25.0,2.0,7.0,5.0,25.0,1.0,1.0,12.0,1.0,2.0,410.0,2511.0,1
1.0,5742.0,85.0,2.0,10.0,8.0,7.0,1.0,1.0,3.0,0.0,2.0,0.0,1.0,1
1.0,1375.0,4.0,1.0,9.0,4.0,175.0,1.0,1.0,2.0,1.0,2.0,120.0,1001.0,1
1.0,1933.0,95.0,2.0,11.0,4.0,1.0,1.0,0.0,0.0,1.0,2.0,60.0,401.0,1
0.0,2192.0,11665.0,2.0,4.0,8.0,85.0,0.0,0.0,0.0,0.0,2.0,320.0,6.0,0
1.0,1758.0,10.0,2.0,9.0,8.0,165.0,0.0,1.0,1.0,0.0,2.0,120.0,2.0,0
1.0,3483.0,25.0,1.0,9.0,4.0,3.0,0.0,0.0,0.0,0.0,1.0,200.0,1.0,0
1.0,2917.0,35.0,2.0,9.0,4.0,35.0,1.0,1.0,3.0,1.0,2.0,329.0,1.0,0
1.0,2142.0,75.0,1.0,12.0,7.0,75.0,0.0,0.0,0.0,1.0,2.0,132.0,3.0,0
1.0,1817.0,1025.0,2.0,8.0,8.0,1085.0,0.0,0.0,0.0,0.0,2.0,320.0,14.0,0
1.0,28.0,3.0,2.0,9.0,4.0,75.0,0.0,0.0,0.0,1.0,2.0,300.0,68.0,0
0.0,4583.0,105.0,2.0,11.0,4.0,5.0,1.0,1.0,7.0,1.0,2.0,0.0,1.0,1
1.0,2275.0,115.0,2.0,3.0,4.0,415.0,0.0,0.0,0.0,0.0,2.0,0.0,1.0,0
0.0,3157.0,35.0,2.0,2.0,4.0,3.0,1.0,0.0,0.0,1.0,2.0,300.0,1.0,0
0.0,2042.0,75.0,2.0,4.0,4.0,15.0,1.0,1.0,1.0,0.0,2.0,160.0,235.0,1
0.0,2125.0,2335.0,2.0,3.0,5.0,5.0,1.0,1.0,4.0,0.0,1.0,80.0,1.0,1
1.0,2667.0,425.0,2.0,13.0,4.0,429.0,1.0,1.0,1.0,1.0,2.0,120.0,1.0,1
0.0,2733.0,1665.0,2.0,1.0,1.0,0.0,0.0,0.0,0.0,0.0,2.0,340.0,2.0,0
1.0,4208.0,104.0,2.0,9.0,4.0,5.0,1.0,1.0,6.0,1.0,2.0,500.0,10001.0,1
0.0,1825.0,10.0,2.0,9.0,4.0,1.0,0.0,1.0,1.0,0.0,2.0,120.0,2.0,0
0.0,285.0,1.0,2.0,11.0,4.0,1.0,1.0,1.0,2.0,1.0,2.0,167.0,501.0,0
0.0,215.0,6.0,2.0,6.0,4.0,25.0,1.0,1.0,3.0,0.0,2.0,80.0,919.0,1
1.0,2183.0,11.0,2.0,14.0,4.0,29.0,1.0,1.0,6.0,0.0,2.0,121.0,1.0,1
1.0,2192.0,5.0,2.0,8.0,4.0,125.0,0.0,0.0,0.0,0.0,2.0,360.0,1.0,0
1.0,3267.0,9.0,1.0,9.0,8.0,525.0,1.0,0.0,0.0,1.0,2.0,154.0,1.0,1
0.0,4533.0,1.0,2.0,11.0,4.0,125.0,0.0,0.0,0.0,1.0,2.0,263.0,1.0,0
0.0,2358.0,585.0,1.0,1.0,1.0,125.0,0.0,0.0,0.0,0.0,2.0,120.0,88.0,0
0.0,1792.0,54.0,2.0,8.0,4.0,175.0,0.0,1.0,1.0,1.0,2.0,80.0,6.0,0
1.0,33.0,25.0,1.0,9.0,4.0,7.0,0.0,0.0,0.0,1.0,2.0,280.0,1.0,0
0.0,2267.0,335.0,2.0,11.0,4.0,75.0,0.0,0.0,0.0,0.0,1.0,160.0,1.0,0
1.0,3467.0,108.0,2.0,7.0,4.0,1165.0,0.0,0.0,0.0,0.0,1.0,28.0,1.0,0
1.0,2967.0,1415.0,2.0,9.0,8.0,75.0,1.0,1.0,1.0,0.0,2.0,240.0,101.0,1
1.0,3183.0,25.0,2.0,6.0,4.0,75.0,1.0,0.0,0.0,1.0,2.0,523.0,1.0,0
0.0,2067.0,1835.0,2.0,11.0,4.0,2085.0,1.0,1.0,5.0,0.0,2.0,220.0,2504.0,1
1.0,3375.0,275.0,2.0,3.0,5.0,0.0,0.0,0.0,0.0,0.0,2.0,180.0,1.0,0
1.0,2208.0,83.0,2.0,8.0,8.0,2165.0,0.0,0.0,0.0,1.0,2.0,128.0,1.0,1
0.0,3542.0,12.0,2.0,11.0,8.0,14.0,1.0,1.0,8.0,0.0,2.0,0.0,6591.0,1
1.0,3192.0,446.0,2.0,13.0,8.0,604.0,1.0,1.0,3.0,0.0,2.0,311.0,301.0,1
0.0,2267.0,79.0,2.0,3.0,4.0,85.0,0.0,0.0,0.0,0.0,2.0,144.0,1.0,0
1.0,2667.0,14585.0,2.0,3.0,5.0,0.0,0.0,0.0,0.0,1.0,2.0,178.0,1.0,0
1.0,44.0,2.0,2.0,7.0,4.0,175.0,1.0,1.0,2.0,1.0,2.0,0.0,16.0,1
1.0,3017.0,1085.0,1.0,8.0,4.0,4.0,0.0,0.0,0.0,0.0,2.0,170.0,180.0,0
1.0,3775.0,7.0,2.0,11.0,8.0,115.0,1.0,1.0,7.0,1.0,2.0,300.0,6.0,0
1.0,1708.0,85.0,1.0,8.0,4.0,4.0,0.0,0.0,0.0,0.0,2.0,140.0,723.0,0
1.0,4917.0,229.0,2.0,1.0,1.0,29.0,0.0,0.0,0.0,0.0,2.0,200.0,4.0,0
1.0,2292.0,17.0,2.0,7.0,4.0,85.0,0.0,0.0,0.0,0.0,1.0,0.0,1.0,0
0.0,3483.0,125.0,1.0,3.0,8.0,5.0,0.0,0.0,0.0,1.0,2.0,160.0,1.0,0
1.0,4425.0,11.0,1.0,2.0,4.0,15.0,1.0,0.0,0.0,0.0,1.0,0.0,1.0,0
1.0,595.0,275.0,2.0,9.0,4.0,175.0,1.0,1.0,5.0,1.0,2.0,60.0,59.0,1
1.0,255.0,375.0,2.0,7.0,4.0,25.0,1.0,1.0,3.0,0.0,2.0,260.0,15109.0,1
0.0,4158.0,104.0,2.0,6.0,4.0,665.0,0.0,0.0,0.0,0.0,2.0,240.0,238.0,0
1.0,4958.0,19.0,2.0,1.0,1.0,0.0,1.0,1.0,1.0,0.0,2.0,94.0,1.0,0
0.0,3392.0,1585.0,1.0,1.0,1.0,0.0,1.0,0.0,0.0,0.0,2.0,320.0,1.0,0
1.0,1917.0,4.0,1.0,3.0,4.0,1.0,0.0,0.0,0.0,1.0,2.0,360.0,1001.0,0
0.0,245.0,2415.0,1.0,8.0,4.0,0.0,0.0,0.0,0.0,0.0,2.0,120.0,1.0,0
1.0,2333.0,15.0,2.0,8.0,8.0,1415.0,1.0,0.0,0.0,0.0,2.0,422.0,201.0,1
1.0,6917.0,9.0,2.0,1.0,1.0,4.0,0.0,1.0,1.0,0.0,2.0,70.0,7.0,0
1.0,4767.0,29.0,2.0,8.0,5.0,15.0,1.0,1.0,20.0,0.0,2.0,0.0,15001.0,1
0.0,3325.0,25.0,1.0,8.0,4.0,25.0,0.0,0.0,0.0,1.0,2.0,0.0,3.0,0
1.0,4325.0,3.0,2.0,11.0,8.0,6.0,1.0,1.0,11.0,0.0,2.0,80.0,1.0,1
1.0,23.0,625.0,1.0,6.0,4.0,125.0,1.0,0.0,0.0,0.0,2.0,180.0,2.0,0
1.0,3475.0,25.0,2.0,13.0,5.0,5.0,0.0,0.0,0.0,0.0,2.0,348.0,1.0,0
1.0,5658.0,185.0,2.0,2.0,5.0,15.0,1.0,1.0,17.0,1.0,2.0,0.0,1.0,1
0.0,4417.0,6665.0,2.0,11.0,4.0,7375.0,1.0,1.0,3.0,1.0,2.0,0.0,1.0,1
0.0,4433.0,0.0,2.0,8.0,4.0,25.0,1.0,0.0,0.0,0.0,2.0,0.0,1.0,1
1.0,3425.0,175.0,2.0,9.0,5.0,25.0,1.0,0.0,0.0,1.0,2.0,163.0,1.0,0
0.0,45.0,4585.0,2.0,4.0,8.0,1.0,0.0,0.0,0.0,1.0,1.0,240.0,1.0,0
1.0,3058.0,271.0,1.0,7.0,4.0,125.0,0.0,0.0,0.0,1.0,1.0,80.0,1.0,0
1.0,2767.0,75.0,2.0,11.0,8.0,165.0,0.0,0.0,0.0,1.0,2.0,220.0,252.0,0
1.0,1942.0,725.0,2.0,7.0,4.0,4.0,0.0,1.0,1.0,0.0,2.0,100.0,2.0,0
0.0,4133.0,1.0,2.0,3.0,5.0,225.0,1.0,0.0,0.0,1.0,2.0,0.0,301.0,1
0.0,235.0,15.0,2.0,9.0,4.0,875.0,0.0,0.0,0.0,1.0,2.0,160.0,1.0,0
1.0,3167.0,83.0,2.0,14.0,4.0,1335.0,1.0,1.0,8.0,1.0,2.0,303.0,3291.0,1
0.0,1783.0,11.0,2.0,14.0,8.0,1.0,1.0,1.0,11.0,0.0,2.0,0.0,3001.0,1
0.0,3317.0,225.0,1.0,13.0,4.0,35.0,0.0,0.0,0.0,1.0,2.0,200.0,142.0,0
0.0,525.0,7.0,2.0,6.0,8.0,3.0,0.0,0.0,0.0,0.0,2.0,0.0,1.0,0
0.0,2542.0,1125.0,2.0,11.0,4.0,129.0,1.0,1.0,2.0,0.0,2.0,200.0,1.0,0
1.0,4058.0,15.0,2.0,3.0,5.0,0.0,0.0,0.0,0.0,0.0,1.0,300.0,1.0,0
1.0,2392.0,585.0,1.0,13.0,8.0,125.0,0.0,0.0,0.0,0.0,2.0,240.0,2.0,0
1.0,56.0,125.0,2.0,4.0,8.0,8.0,1.0,0.0,0.0,1.0,2.0,24.0,2029.0,1
0.0,285.0,304.0,1.0,14.0,8.0,254.0,1.0,1.0,1.0,0.0,2.0,70.0,1.0,1
1.0,3208.0,4.0,2.0,7.0,4.0,25.0,1.0,0.0,0.0,1.0,2.0,360.0,1.0,1
1.0,2117.0,875.0,1.0,8.0,8.0,25.0,0.0,0.0,0.0,0.0,2.0,280.0,205.0,0
1.0,3417.0,917.0,2.0,8.0,4.0,45.0,1.0,1.0,12.0,1.0,2.0,0.0,222.0,1
1.0,4325.0,2521.0,2.0,11.0,8.0,21.0,1.0,1.0,1.0,0.0,2.0,760.0,91.0,0
0.0,3825.0,6.0,2.0,4.0,4.0,1.0,1.0,0.0,0.0,1.0,2.0,0.0,1.0,1
1.0,3742.0,204.0,2.0,9.0,4.0,4.0,1.0,0.0,0.0,1.0,2.0,400.0,5801.0,1
1.0,2983.0,204.0,1.0,14.0,8.0,4.0,0.0,0.0,0.0,0.0,2.0,128.0,2.0,0
1.0,3733.0,2665.0,2.0,13.0,4.0,165.0,0.0,0.0,0.0,1.0,2.0,0.0,502.0,0
1.0,3133.0,195.0,2.0,8.0,4.0,7.0,1.0,1.0,16.0,0.0,2.0,0.0,5001.0,1
1.0,3608.0,254.0,2.0,1.0,1.0,0.0,0.0,0.0,0.0,0.0,2.0,0.0,1001.0,0
1.0,205.0,2415.0,2.0,8.0,4.0,2.0,1.0,1.0,11.0,1.0,2.0,200.0,3001.0,1
1.0,4717.0,5835.0,2.0,9.0,4.0,55.0,0.0,0.0,0.0,0.0,2.0,465.0,151.0,0
1.0,22.0,7835.0,1.0,3.0,5.0,165.0,0.0,0.0,0.0,1.0,2.0,184.0,1.0,0
1.0,205.0,10.0,1.0,8.0,4.0,25.0,1.0,0.0,0.0,0.0,1.0,40.0,1.0,1
1.0,3492.0,25.0,2.0,9.0,4.0,0.0,1.0,0.0,0.0,1.0,2.0,239.0,201.0,1
1.0,2408.0,875.0,2.0,7.0,4.0,85.0,0.0,1.0,4.0,0.0,2.0,254.0,1951.0,0
1.0,3733.0,65.0,2.0,7.0,8.0,425.0,1.0,1.0,12.0,1.0,2.0,93.0,1.0,1
0.0,2075.0,954.0,2.0,3.0,4.0,4.0,0.0,0.0,0.0,0.0,2.0,200.0,1001.0,0
1.0,3667.0,325.0,2.0,11.0,8.0,9.0,1.0,0.0,0.0,1.0,2.0,102.0,640.0,1
1.0,2258.0,1004.0,2.0,14.0,4.0,4.0,1.0,1.0,9.0,0.0,2.0,60.0,397.0,1
0.0,2692.0,135.0,2.0,11.0,8.0,5.0,1.0,1.0,2.0,0.0,2.0,0.0,5001.0,1
0.0,4667.0,46.0,2.0,13.0,8.0,415.0,1.0,1.0,11.0,1.0,2.0,440.0,7.0,1
0.0,5217.0,0.0,1.0,1.0,1.0,0.0,0.0,0.0,0.0,0.0,2.0,0.0,1.0,0
1.0,3917.0,25.0,1.0,3.0,8.0,10.0,0.0,0.0,0.0,1.0,1.0,200.0,1.0,0
1.0,3917.0,1625.0,2.0,8.0,4.0,15.0,1.0,1.0,10.0,0.0,2.0,186.0,4701.0,1
0.0,2767.0,204.0,2.0,9.0,4.0,25.0,0.0,0.0,0.0,1.0,2.0,180.0,51.0,0
1.0,1917.0,95.0,2.0,9.0,4.0,15.0,1.0,0.0,0.0,0.0,2.0,120.0,2207.0,1
1.0,395.0,425.0,2.0,8.0,5.0,65.0,1.0,1.0,16.0,0.0,2.0,117.0,1211.0,1
1.0,3642.0,75.0,1.0,2.0,4.0,585.0,0.0,0.0,0.0,0.0,2.0,240.0,4.0,0
1.0,2617.0,25.0,2.0,3.0,5.0,0.0,1.0,0.0,0.0,1.0,2.0,0.0,1.0,1
1.0,3942.0,171.0,1.0,7.0,4.0,165.0,0.0,0.0,0.0,0.0,1.0,400.0,1.0,0
1.0,4192.0,42.0,2.0,8.0,8.0,21.0,1.0,1.0,6.0,0.0,2.0,220.0,949.0,1
1.0,2133.0,75.0,2.0,6.0,4.0,1415.0,1.0,1.0,1.0,0.0,2.0,80.0,9801.0,1
0.0,2008.0,125.0,2.0,8.0,4.0,0.0,0.0,0.0,0.0,0.0,2.0,0.0,1.0,0
0.0,2758.0,3.0,2.0,7.0,4.0,279.0,0.0,1.0,1.0,1.0,2.0,280.0,11.0,0
1.0,2158.0,79.0,1.0,13.0,4.0,665.0,0.0,0.0,0.0,0.0,2.0,160.0,1.0,0
1.0,2825.0,5125.0,2.0,14.0,4.0,475.0,1.0,1.0,2.0,0.0,2.0,420.0,8.0,1
1.0,2692.0,225.0,2.0,3.0,5.0,5.0,0.0,0.0,0.0,1.0,2.0,640.0,4001.0,0
0.0,1842.0,925.0,2.0,11.0,4.0,121.0,1.0,1.0,4.0,0.0,2.0,60.0,541.0,1
0.0,2325.0,5875.0,2.0,11.0,4.0,317.0,1.0,1.0,10.0,0.0,2.0,120.0,246.0,1
1.0,2358.0,179.0,2.0,8.0,4.0,54.0,0.0,0.0,0.0,1.0,2.0,136.0,2.0,0
1.0,2833.0,5.0,2.0,9.0,4.0,11.0,1.0,0.0,0.0,1.0,2.0,70.0,1.0,1
1.0,2567.0,221.0,1.0,6.0,4.0,4.0,1.0,0.0,0.0,0.0,2.0,188.0,1.0,0
0.0,2858.0,1665.0,2.0,11.0,4.0,2415.0,1.0,0.0,0.0,1.0,2.0,440.0,1.0,0
1.0,2292.0,3165.0,1.0,8.0,4.0,165.0,0.0,0.0,0.0,0.0,2.0,160.0,1059.0,0
0.0,245.0,104.0,1.0,1.0,1.0,5.0,1.0,1.0,3.0,0.0,2.0,180.0,148.0,0
1.0,2475.0,54.0,2.0,7.0,4.0,1.0,0.0,0.0,0.0,1.0,2.0,120.0,2.0,0
1.0,32.0,175.0,1.0,10.0,8.0,4.0,1.0,0.0,0.0,1.0,2.0,393.0,1.0,1
1.0,4808.0,375.0,2.0,3.0,5.0,1.0,0.0,0.0,0.0,0.0,2.0,100.0,3.0,0
0.0,2842.0,35.0,2.0,9.0,4.0,835.0,1.0,0.0,0.0,0.0,1.0,280.0,1.0,1
1.0,2542.0,54.0,2.0,9.0,4.0,165.0,0.0,1.0,1.0,0.0,2.0,272.0,445.0,0
1.0,1858.0,1029.0,2.0,1.0,1.0,415.0,0.0,0.0,0.0,0.0,2.0,80.0,1.0,0
1.0,2167.0,1165.0,1.0,4.0,4.0,25.0,1.0,1.0,1.0,0.0,2.0,180.0,21.0,0
1.0,2458.0,125.0,2.0,8.0,4.0,25.0,0.0,0.0,0.0,0.0,2.0,110.0,1.0,0
1.0,1633.0,4085.0,2.0,3.0,8.0,415.0,0.0,0.0,0.0,1.0,2.0,120.0,1.0,0
1.0,2675.0,2.0,2.0,2.0,4.0,75.0,0.0,0.0,0.0,1.0,2.0,80.0,1.0,0
1.0,4817.0,35.0,2.0,6.0,4.0,35.0,1.0,0.0,0.0,0.0,1.0,230.0,1.0,1
1.0,235.0,275.0,2.0,1.0,1.0,45.0,0.0,0.0,0.0,0.0,2.0,160.0,26.0,0
0.0,41.0,204.0,1.0,11.0,8.0,125.0,1.0,1.0,23.0,1.0,2.0,455.0,1237.0,1
1.0,3517.0,25125.0,2.0,14.0,8.0,1625.0,1.0,1.0,1.0,1.0,2.0,515.0,501.0,1
1.0,2375.0,12.0,2.0,8.0,4.0,2085.0,0.0,0.0,0.0,0.0,1.0,80.0,1.0,0
1.0,1867.0,5.0,2.0,11.0,4.0,375.0,1.0,1.0,2.0,0.0,2.0,0.0,39.0,0
1.0,3033.0,5.0,2.0,2.0,8.0,85.0,0.0,0.0,0.0,1.0,1.0,252.0,1.0,0
0.0,1975.0,75.0,2.0,8.0,4.0,795.0,1.0,1.0,5.0,1.0,2.0,140.0,6.0,0
1.0,2617.0,835.0,2.0,13.0,4.0,1165.0,0.0,0.0,0.0,0.0,2.0,100.0,1.0,0
1.0,2875.0,15.0,1.0,8.0,4.0,15.0,1.0,0.0,0.0,1.0,2.0,0.0,226.0,0
1.0,2867.0,9335.0,2.0,11.0,8.0,5665.0,1.0,1.0,6.0,0.0,2.0,381.0,169.0,1
1.0,26.0,1.0,2.0,11.0,4.0,175.0,1.0,0.0,0.0,1.0,2.0,280.0,1.0,1
1.0,235.0,3165.0,1.0,4.0,4.0,415.0,0.0,1.0,1.0,1.0,2.0,280.0,81.0,0
1.0,2633.0,13.0,2.0,10.0,2.0,0.0,0.0,0.0,0.0,1.0,2.0,140.0,1111.0,0
1.0,5433.0,675.0,2.0,8.0,8.0,2625.0,1.0,1.0,11.0,1.0,2.0,0.0,285.0,1
1.0,3157.0,375.0,2.0,2.0,4.0,875.0,1.0,0.0,0.0,1.0,1.0,928.0,1.0,0
0.0,2525.0,125.0,2.0,2.0,4.0,1.0,0.0,0.0,0.0,1.0,2.0,180.0,1063.0,0
1.0,3317.0,3165.0,1.0,14.0,4.0,3165.0,1.0,1.0,3.0,1.0,2.0,380.0,1.0,1
1.0,395.0,1625.0,2.0,8.0,4.0,15.0,0.0,0.0,0.0,0.0,2.0,0.0,317.0,0
0.0,1767.0,0.0,1.0,5.0,1.0,0.0,0.0,0.0,0.0,0.0,2.0,86.0,1.0,0
1.0,2392.0,665.0,2.0,8.0,4.0,165.0,0.0,0.0,0.0,0.0,2.0,100.0,1.0,1
1.0,2667.0,271.0,1.0,13.0,4.0,525.0,1.0,1.0,1.0,0.0,2.0,211.0,1.0,1
0.0,225.0,415.0,2.0,3.0,4.0,335.0,0.0,0.0,0.0,1.0,1.0,144.0,1.0,0
1.0,3992.0,54.0,1.0,6.0,4.0,5.0,1.0,1.0,3.0,0.0,2.0,200.0,1001.0,1
0.0,2608.0,8665.0,2.0,6.0,4.0,1415.0,1.0,0.0,0.0,0.0,2.0,160.0,151.0,1
1.0,20.0,0.0,2.0,2.0,4.0,5.0,0.0,0.0,0.0,0.0,2.0,144.0,1.0,0
1.0,3157.0,4.0,1.0,3.0,4.0,85.0,0.0,0.0,0.0,1.0,2.0,411.0,1.0,0
1.0,2675.0,45.0,1.0,8.0,5.0,25.0,0.0,0.0,0.0,0.0,2.0,200.0,1211.0,0
0.0,2492.0,125.0,2.0,1.0,1.0,0.0,1.0,0.0,0.0,0.0,2.0,80.0,1.0,0
0.0,3225.0,15.0,2.0,8.0,4.0,25.0,0.0,0.0,0.0,1.0,2.0,372.0,123.0,0
1.0,1767.0,446.0,2.0,8.0,4.0,25.0,0.0,0.0,0.0,0.0,1.0,80.0,1.0,0
0.0,3775.0,55.0,2.0,11.0,4.0,125.0,1.0,0.0,0.0,1.0,2.0,228.0,1.0,1
1.0,2267.0,254.0,1.0,8.0,8.0,2585.0,1.0,0.0,0.0,0.0,2.0,0.0,1.0,1
0.0,1792.0,1021.0,2.0,1.0,1.0,0.0,0.0,0.0,0.0,0.0,2.0,0.0,51.0,0
1.0,2442.0,12335.0,2.0,11.0,8.0,1585.0,1.0,0.0,0.0,1.0,2.0,120.0,1.0,1
0.0,2575.0,5.0,2.0,8.0,8.0,875.0,1.0,0.0,0.0,1.0,2.0,491.0,1.0,1
1.0,2617.0,125.0,1.0,4.0,8.0,125.0,0.0,0.0,0.0,1.0,2.0,0.0,18.0,0
0.0,2275.0,6165.0,2.0,6.0,4.0,165.0,0.0,0.0,0.0,0.0,2.0,220.0,1001.0,0
1.0,23.0,75.0,2.0,7.0,4.0,5.0,1.0,0.0,0.0,1.0,1.0,320.0,1.0,0
1.0,2567.0,29.0,1.0,8.0,4.0,15.0,0.0,0.0,0.0,1.0,2.0,160.0,1.0,0
1.0,4858.0,205.0,1.0,4.0,4.0,25.0,1.0,1.0,11.0,0.0,2.0,380.0,2733.0,1
1.0,2117.0,0.0,2.0,8.0,4.0,5.0,0.0,0.0,0.0,1.0,1.0,0.0,1.0,0
1.0,3525.0,165.0,1.0,8.0,4.0,4.0,1.0,0.0,0.0,0.0,2.0,80.0,1.0,0
0.0,2292.0,11585.0,2.0,13.0,4.0,4.0,1.0,0.0,0.0,0.0,2.0,80.0,1350.0,1
0.0,4817.0,1335.0,2.0,3.0,7.0,335.0,0.0,0.0,0.0,0.0,2.0,0.0,121.0,0
1.0,43.0,29.0,1.0,13.0,8.0,175.0,1.0,1.0,8.0,0.0,2.0,100.0,376.0,1
1.0,3157.0,105.0,2.0,14.0,4.0,65.0,1.0,0.0,0.0,0.0,2.0,0.0,1.0,1
1.0,2067.0,415.0,2.0,8.0,4.0,125.0,0.0,0.0,0.0,0.0,2.0,0.0,45.0,0
0.0,1883.0,954.0,2.0,6.0,4.0,85.0,1.0,0.0,0.0,0.0,2.0,100.0,1.0,1
0.0,2742.0,145.0,2.0,14.0,8.0,3085.0,1.0,1.0,1.0,0.0,2.0,120.0,12.0,1
1.0,41.0,4.0,2.0,10.0,4.0,4.0,0.0,1.0,1.0,0.0,1.0,560.0,1.0,1
